id;candidato; percent ; error_final ;entrevistados;Tipo_campo;confidence_interval_final;data_pesquisa;instituto;fonte;N_registro_tse
1;Lula;44;3,2;1000;Telefone;95,5;04/05/2022;IPESP/XP;https://antoniolavareda.com/wp-content/uploads/2022/05/2022_05_01-PESQUISA-IPESPE.pdf;BR-03473/2022
2;Jair Bolsonaro;31;3,2;1000;Telefone;95,5;04/05/2022;IPESP/XP;https://antoniolavareda.com/wp-content/uploads/2022/05/2022_05_01-PESQUISA-IPESPE.pdf;BR-03473/2022
3;Ciro Gomes;8;3,2;1000;Telefone;95,5;04/05/2022;IPESP/XP;https://antoniolavareda.com/wp-content/uploads/2022/05/2022_05_01-PESQUISA-IPESPE.pdf;BR-03473/2022
4;João Doria;3;3,2;1000;Telefone;95,5;04/05/2022;IPESP/XP;https://antoniolavareda.com/wp-content/uploads/2022/05/2022_05_01-PESQUISA-IPESPE.pdf;BR-03473/2022
5;Janones;2;3,2;1000;Telefone;95,5;04/05/2022;IPESP/XP;https://antoniolavareda.com/wp-content/uploads/2022/05/2022_05_01-PESQUISA-IPESPE.pdf;BR-03473/2022
6;Tebet;1;3,2;1000;Telefone;95,5;04/05/2022;IPESP/XP;https://antoniolavareda.com/wp-content/uploads/2022/05/2022_05_01-PESQUISA-IPESPE.pdf;BR-03473/2022
7;Felipe d'Ávila;1;3,2;1000;Telefone;95,5;04/05/2022;IPESP/XP;https://antoniolavareda.com/wp-content/uploads/2022/05/2022_05_01-PESQUISA-IPESPE.pdf;BR-03473/2022
8;Vera Lúcia; -   ;3,2;1000;Telefone;95,5;04/05/2022;IPESP/XP;https://antoniolavareda.com/wp-content/uploads/2022/05/2022_05_01-PESQUISA-IPESPE.pdf;BR-03473/2022
9;Eymael; -   ;3,2;1000;Telefone;95,5;04/05/2022;IPESP/XP;https://antoniolavareda.com/wp-content/uploads/2022/05/2022_05_01-PESQUISA-IPESPE.pdf;BR-03473/2022
10;Luciano Bivar; -   ;3,2;1000;Telefone;95,5;04/05/2022;IPESP/XP;https://antoniolavareda.com/wp-content/uploads/2022/05/2022_05_01-PESQUISA-IPESPE.pdf;BR-03473/2022
11;Branco_Nulo;8;3,2;1000;Telefone;95,5;04/05/2022;IPESP/XP;https://antoniolavareda.com/wp-content/uploads/2022/05/2022_05_01-PESQUISA-IPESPE.pdf;BR-03473/2022
12;nao_sabe;2;3,2;1000;Telefone;95,5;04/05/2022;IPESP/XP;https://antoniolavareda.com/wp-content/uploads/2022/05/2022_05_01-PESQUISA-IPESPE.pdf;BR-03473/2022
13;Lula;40;2,2;2020;Telefone;95;03/05/2022;Paraná Pesquisas;https://www.paranapesquisas.com.br/pesquisas/parana-pesquisas-divulga-pesquisa-nacional-contratada-pela-bgc-liquidez-distribuidora-de-titulos-mobiliarios-ltda-registro-tse-br-09280-2022-situacao-eleitoral-para-o-executivo-federal/;BR-09280/2022
14;Jair Bolsonaro;35,2;2,2;2020;Telefone;95;03/05/2022;Paraná Pesquisas;https://www.paranapesquisas.com.br/pesquisas/parana-pesquisas-divulga-pesquisa-nacional-contratada-pela-bgc-liquidez-distribuidora-de-titulos-mobiliarios-ltda-registro-tse-br-09280-2022-situacao-eleitoral-para-o-executivo-federal/;BR-09280/2022
15;Ciro Gomes;7,4;2,2;2020;Telefone;95;03/05/2022;Paraná Pesquisas;https://www.paranapesquisas.com.br/pesquisas/parana-pesquisas-divulga-pesquisa-nacional-contratada-pela-bgc-liquidez-distribuidora-de-titulos-mobiliarios-ltda-registro-tse-br-09280-2022-situacao-eleitoral-para-o-executivo-federal/;BR-09280/2022
16;João Doria;3,2;2,2;2020;Telefone;95;03/05/2022;Paraná Pesquisas;https://www.paranapesquisas.com.br/pesquisas/parana-pesquisas-divulga-pesquisa-nacional-contratada-pela-bgc-liquidez-distribuidora-de-titulos-mobiliarios-ltda-registro-tse-br-09280-2022-situacao-eleitoral-para-o-executivo-federal/;BR-09280/2022
17;Janones;2,4;2,2;2020;Telefone;95;03/05/2022;Paraná Pesquisas;https://www.paranapesquisas.com.br/pesquisas/parana-pesquisas-divulga-pesquisa-nacional-contratada-pela-bgc-liquidez-distribuidora-de-titulos-mobiliarios-ltda-registro-tse-br-09280-2022-situacao-eleitoral-para-o-executivo-federal/;BR-09280/2022
18;Tebet;0,7;2,2;2020;Telefone;95;03/05/2022;Paraná Pesquisas;https://www.paranapesquisas.com.br/pesquisas/parana-pesquisas-divulga-pesquisa-nacional-contratada-pela-bgc-liquidez-distribuidora-de-titulos-mobiliarios-ltda-registro-tse-br-09280-2022-situacao-eleitoral-para-o-executivo-federal/;BR-09280/2022
19;Felipe d'Ávila;0,1;2,2;2020;Telefone;95;03/05/2022;Paraná Pesquisas;https://www.paranapesquisas.com.br/pesquisas/parana-pesquisas-divulga-pesquisa-nacional-contratada-pela-bgc-liquidez-distribuidora-de-titulos-mobiliarios-ltda-registro-tse-br-09280-2022-situacao-eleitoral-para-o-executivo-federal/;BR-09280/2022
20;Luciano Bivar;0,2;2,2;2020;Telefone;95;03/05/2022;Paraná Pesquisas;https://www.paranapesquisas.com.br/pesquisas/parana-pesquisas-divulga-pesquisa-nacional-contratada-pela-bgc-liquidez-distribuidora-de-titulos-mobiliarios-ltda-registro-tse-br-09280-2022-situacao-eleitoral-para-o-executivo-federal/;BR-09280/2022
21;Branco_Nulo;7,2;2,2;2020;Telefone;95;03/05/2022;Paraná Pesquisas;https://www.paranapesquisas.com.br/pesquisas/parana-pesquisas-divulga-pesquisa-nacional-contratada-pela-bgc-liquidez-distribuidora-de-titulos-mobiliarios-ltda-registro-tse-br-09280-2022-situacao-eleitoral-para-o-executivo-federal/;BR-09280/2022
22;nao_sabe;3,5;2,2;2020;Telefone;95;03/05/2022;Paraná Pesquisas;https://www.paranapesquisas.com.br/pesquisas/parana-pesquisas-divulga-pesquisa-nacional-contratada-pela-bgc-liquidez-distribuidora-de-titulos-mobiliarios-ltda-registro-tse-br-09280-2022-situacao-eleitoral-para-o-executivo-federal/;BR-09280/2022
23;Lula;42,26;2,33;1946,67;Telefone;95,11;30/04/2022;Média mês;Média mês;não se aplica
24;Jair Bolsonaro;31,94;2,33;1946,67;Telefone;95,11;30/04/2022;Média mês;Média mês;não se aplica
25;Ciro Gomes;7,08;2,33;1946,67;Telefone;95,11;30/04/2022;Média mês;Média mês;não se aplica
26;João Doria;2,77;2,33;1946,67;Telefone;95,11;30/04/2022;Média mês;Média mês;não se aplica
27;Janones;2,12;2,33;1946,67;Telefone;95,11;30/04/2022;Média mês;Média mês;não se aplica
28;Tebet;1,27;2,33;1946,67;Telefone;95,11;30/04/2022;Média mês;Média mês;não se aplica
29;Felipe d'Ávila;0,03;2,33;1946,67;Telefone;95,11;30/04/2022;Média mês;Média mês;não se aplica
30;Leonardo Péricles;0,1;2,07;2250;Telefone;95;30/04/2022;Média mês;Média mês;não se aplica
31;Vera Lúcia;0,3;2,35;1937,5;Telefone;95,13;30/04/2022;Média mês;Média mês;não se aplica
32;Eymael;0,26;2,35;1937,5;Telefone;95,13;30/04/2022;Média mês;Média mês;não se aplica
33;Manzano;0,22;2,08;2300;Telefone;95;30/04/2022;Média mês;Média mês;não se aplica
34;Luciano Bivar;0,4;2,07;2166,67;Telefone;95;30/04/2022;Média mês;Média mês;não se aplica
35;Branco_Nulo;6,19;2,33;1946,67;Telefone;95,11;30/04/2022;Média mês;Média mês;não se aplica
36;nao_sabe;3,87;2,33;1946,67;Telefone;95,11;30/04/2022;Média mês;Média mês;não se aplica
37;Aldo Rebelo;1;2,2;1500;Telefone;95;30/04/2022;Média mês;Média mês;não se aplica
38;Sergio Moro;6,55;2,1;2010;Telefone;95;30/04/2022;Média mês;Média mês;não se aplica
39;Lula;41;2;3000;Telefone;95;26/04/2022;PODERDATA;https://www.poder360.com.br/poderdata/lula-tem-48-no-2o-turno-contra-39-de-bolsonaro-diz-poderdata/;BR-07167/2022
40;Jair Bolsonaro;36;2;3000;Telefone;95;26/04/2022;PODERDATA;https://www.poder360.com.br/poderdata/lula-tem-48-no-2o-turno-contra-39-de-bolsonaro-diz-poderdata/;BR-07167/2022
41;Ciro Gomes;6;2;3000;Telefone;95;26/04/2022;PODERDATA;https://www.poder360.com.br/poderdata/lula-tem-48-no-2o-turno-contra-39-de-bolsonaro-diz-poderdata/;BR-07167/2022
42;João Doria;4;2;3000;Telefone;95;26/04/2022;PODERDATA;https://www.poder360.com.br/poderdata/lula-tem-48-no-2o-turno-contra-39-de-bolsonaro-diz-poderdata/;BR-07167/2022
43;Janones;3;2;3000;Telefone;95;26/04/2022;PODERDATA;https://www.poder360.com.br/poderdata/lula-tem-48-no-2o-turno-contra-39-de-bolsonaro-diz-poderdata/;BR-07167/2022
44;Tebet;1;2;3000;Telefone;95;26/04/2022;PODERDATA;https://www.poder360.com.br/poderdata/lula-tem-48-no-2o-turno-contra-39-de-bolsonaro-diz-poderdata/;BR-07167/2022
45;Felipe d'Ávila; -   ;2;3000;Telefone;95;26/04/2022;PODERDATA;https://www.poder360.com.br/poderdata/lula-tem-48-no-2o-turno-contra-39-de-bolsonaro-diz-poderdata/;BR-07167/2022
46;Leonardo Péricles; -   ;2;3000;Telefone;95;26/04/2022;PODERDATA;https://www.poder360.com.br/poderdata/lula-tem-48-no-2o-turno-contra-39-de-bolsonaro-diz-poderdata/;BR-07167/2022
47;Vera Lúcia; -   ;2;3000;Telefone;95;26/04/2022;PODERDATA;https://www.poder360.com.br/poderdata/lula-tem-48-no-2o-turno-contra-39-de-bolsonaro-diz-poderdata/;BR-07167/2022
48;Eymael; -   ;2;3000;Telefone;95;26/04/2022;PODERDATA;https://www.poder360.com.br/poderdata/lula-tem-48-no-2o-turno-contra-39-de-bolsonaro-diz-poderdata/;BR-07167/2022
49;Manzano; -   ;2;3000;Telefone;95;26/04/2022;PODERDATA;https://www.poder360.com.br/poderdata/lula-tem-48-no-2o-turno-contra-39-de-bolsonaro-diz-poderdata/;BR-07167/2022
50;Luciano Bivar;1;2;3000;Telefone;95;26/04/2022;PODERDATA;https://www.poder360.com.br/poderdata/lula-tem-48-no-2o-turno-contra-39-de-bolsonaro-diz-poderdata/;BR-07167/2022
51;Branco_Nulo;4;2;3000;Telefone;95;26/04/2022;PODERDATA;https://www.poder360.com.br/poderdata/lula-tem-48-no-2o-turno-contra-39-de-bolsonaro-diz-poderdata/;BR-07167/2022
52;nao_sabe;3;2;3000;Telefone;95;26/04/2022;PODERDATA;https://www.poder360.com.br/poderdata/lula-tem-48-no-2o-turno-contra-39-de-bolsonaro-diz-poderdata/;BR-07167/2022
53;Lula;41;2;2000;Telefone;95;24/04/2022;bgtpactual/fsbpesquisa;https://static.btgpactual.com/media/pesquisa-btg-fsb-25abr2022.pdf;BR-04676/2022
54;Jair Bolsonaro;32;2;2000;Telefone;95;24/04/2022;bgtpactual/fsbpesquisa;https://static.btgpactual.com/media/pesquisa-btg-fsb-25abr2022.pdf;BR-04676/2022
55;Ciro Gomes;9;2;2000;Telefone;95;24/04/2022;bgtpactual/fsbpesquisa;https://static.btgpactual.com/media/pesquisa-btg-fsb-25abr2022.pdf;BR-04676/2022
56;João Doria;3;2;2000;Telefone;95;24/04/2022;bgtpactual/fsbpesquisa;https://static.btgpactual.com/media/pesquisa-btg-fsb-25abr2022.pdf;BR-04676/2022
57;Janones;3;2;2000;Telefone;95;24/04/2022;bgtpactual/fsbpesquisa;https://static.btgpactual.com/media/pesquisa-btg-fsb-25abr2022.pdf;BR-04676/2022
58;Tebet;1;2;2000;Telefone;95;24/04/2022;bgtpactual/fsbpesquisa;https://static.btgpactual.com/media/pesquisa-btg-fsb-25abr2022.pdf;BR-04676/2022
59;Felipe d'Ávila; -   ;2;2000;Telefone;95;24/04/2022;bgtpactual/fsbpesquisa;https://static.btgpactual.com/media/pesquisa-btg-fsb-25abr2022.pdf;BR-04676/2022
60;Leonardo Péricles; -   ;2;2000;Telefone;95;24/04/2022;bgtpactual/fsbpesquisa;https://static.btgpactual.com/media/pesquisa-btg-fsb-25abr2022.pdf;BR-04676/2022
61;Vera Lúcia;1;2;2000;Telefone;95;24/04/2022;bgtpactual/fsbpesquisa;https://static.btgpactual.com/media/pesquisa-btg-fsb-25abr2022.pdf;BR-04676/2022
62;Eymael; -   ;2;2000;Telefone;95;24/04/2022;bgtpactual/fsbpesquisa;https://static.btgpactual.com/media/pesquisa-btg-fsb-25abr2022.pdf;BR-04676/2022
63;Manzano; -   ;2;2000;Telefone;95;24/04/2022;bgtpactual/fsbpesquisa;https://static.btgpactual.com/media/pesquisa-btg-fsb-25abr2022.pdf;BR-04676/2022
64;Luciano Bivar; -   ;2;2000;Telefone;95;24/04/2022;bgtpactual/fsbpesquisa;https://static.btgpactual.com/media/pesquisa-btg-fsb-25abr2022.pdf;BR-04676/2022
65;Branco_Nulo;8;2;2000;Telefone;95;24/04/2022;bgtpactual/fsbpesquisa;https://static.btgpactual.com/media/pesquisa-btg-fsb-25abr2022.pdf;BR-04676/2022
66;nao_sabe;1;2;2000;Telefone;95;24/04/2022;bgtpactual/fsbpesquisa;https://static.btgpactual.com/media/pesquisa-btg-fsb-25abr2022.pdf;BR-04676/2022
67;Lula;45;3,2;1000;Telefone;95,5;20/04/2022;IPESP/XP;https://antoniolavareda.com/2022/04/22/comentarios-sobre-a-pesquisa-ipespe-divulgada-hoje-22-04/;BR-05747/2022
68;Jair Bolsonaro;31;3,2;1000;Telefone;95,5;20/04/2022;IPESP/XP;https://antoniolavareda.com/2022/04/22/comentarios-sobre-a-pesquisa-ipespe-divulgada-hoje-22-04/;BR-05747/2022
69;Ciro Gomes;8;3,2;1000;Telefone;95,5;20/04/2022;IPESP/XP;https://antoniolavareda.com/2022/04/22/comentarios-sobre-a-pesquisa-ipespe-divulgada-hoje-22-04/;BR-05747/2022
70;João Doria;3;3,2;1000;Telefone;95,5;20/04/2022;IPESP/XP;https://antoniolavareda.com/2022/04/22/comentarios-sobre-a-pesquisa-ipespe-divulgada-hoje-22-04/;BR-05747/2022
71;Janones;2;3,2;1000;Telefone;95,5;20/04/2022;IPESP/XP;https://antoniolavareda.com/2022/04/22/comentarios-sobre-a-pesquisa-ipespe-divulgada-hoje-22-04/;BR-05747/2022
72;Tebet;2;3,2;1000;Telefone;95,5;20/04/2022;IPESP/XP;https://antoniolavareda.com/2022/04/22/comentarios-sobre-a-pesquisa-ipespe-divulgada-hoje-22-04/;BR-05747/2022
73;Felipe d'Ávila; -   ;3,2;1000;Telefone;95,5;20/04/2022;IPESP/XP;https://antoniolavareda.com/2022/04/22/comentarios-sobre-a-pesquisa-ipespe-divulgada-hoje-22-04/;BR-05747/2022
74;Vera Lúcia; -   ;3,2;1000;Telefone;95,5;20/04/2022;IPESP/XP;https://antoniolavareda.com/2022/04/22/comentarios-sobre-a-pesquisa-ipespe-divulgada-hoje-22-04/;BR-05747/2022
75;Eymael; -   ;3,2;1000;Telefone;95,5;20/04/2022;IPESP/XP;https://antoniolavareda.com/2022/04/22/comentarios-sobre-a-pesquisa-ipespe-divulgada-hoje-22-04/;BR-05747/2022
76;Branco_Nulo;7;3,2;1000;Telefone;95,5;20/04/2022;IPESP/XP;https://antoniolavareda.com/2022/04/22/comentarios-sobre-a-pesquisa-ipespe-divulgada-hoje-22-04/;BR-05747/2022
77;nao_sabe;2;3,2;1000;Telefone;95,5;20/04/2022;IPESP/XP;https://antoniolavareda.com/2022/04/22/comentarios-sobre-a-pesquisa-ipespe-divulgada-hoje-22-04/;BR-05747/2022
78;Lula;42;2,2;1500;Telefone;95;20/04/2022;Exame/Idea;https://exame.com/brasil/diferenca-entre-lula-e-bolsonaro-no-segundo-turno-cai-de-13-para-9/;BR-02495/2022
79;Jair Bolsonaro;33;2,2;1500;Telefone;95;20/04/2022;Exame/Idea;https://exame.com/brasil/diferenca-entre-lula-e-bolsonaro-no-segundo-turno-cai-de-13-para-9/;BR-02495/2022
80;Ciro Gomes;10;2,2;1500;Telefone;95;20/04/2022;Exame/Idea;https://exame.com/brasil/diferenca-entre-lula-e-bolsonaro-no-segundo-turno-cai-de-13-para-9/;BR-02495/2022
81;João Doria;3;2,2;1500;Telefone;95;20/04/2022;Exame/Idea;https://exame.com/brasil/diferenca-entre-lula-e-bolsonaro-no-segundo-turno-cai-de-13-para-9/;BR-02495/2022
82;Janones;1;2,2;1500;Telefone;95;20/04/2022;Exame/Idea;https://exame.com/brasil/diferenca-entre-lula-e-bolsonaro-no-segundo-turno-cai-de-13-para-9/;BR-02495/2022
83;Tebet;1;2,2;1500;Telefone;95;20/04/2022;Exame/Idea;https://exame.com/brasil/diferenca-entre-lula-e-bolsonaro-no-segundo-turno-cai-de-13-para-9/;BR-02495/2022
84;Felipe d'Ávila;0,1;2,2;1500;Telefone;95;20/04/2022;Exame/Idea;https://exame.com/brasil/diferenca-entre-lula-e-bolsonaro-no-segundo-turno-cai-de-13-para-9/;BR-02495/2022
85;Leonardo Péricles;0,5;2,2;1500;Telefone;95;20/04/2022;Exame/Idea;https://exame.com/brasil/diferenca-entre-lula-e-bolsonaro-no-segundo-turno-cai-de-13-para-9/;BR-02495/2022
86;Aldo Rebelo;1;2,2;1500;Telefone;95;20/04/2022;Exame/Idea;https://exame.com/brasil/diferenca-entre-lula-e-bolsonaro-no-segundo-turno-cai-de-13-para-9/;BR-02495/2022
87;Vera Lúcia;0,3;2,2;1500;Telefone;95;20/04/2022;Exame/Idea;https://exame.com/brasil/diferenca-entre-lula-e-bolsonaro-no-segundo-turno-cai-de-13-para-9/;BR-02495/2022
88;Eymael;1;2,2;1500;Telefone;95;20/04/2022;Exame/Idea;https://exame.com/brasil/diferenca-entre-lula-e-bolsonaro-no-segundo-turno-cai-de-13-para-9/;BR-02495/2022
89;Manzano;1;2,2;1500;Telefone;95;20/04/2022;Exame/Idea;https://exame.com/brasil/diferenca-entre-lula-e-bolsonaro-no-segundo-turno-cai-de-13-para-9/;BR-02495/2022
90;Luciano Bivar;0,2;2,2;1500;Telefone;95;20/04/2022;Exame/Idea;https://exame.com/brasil/diferenca-entre-lula-e-bolsonaro-no-segundo-turno-cai-de-13-para-9/;BR-02495/2022
91;Branco_Nulo;1;2,2;1500;Telefone;95;20/04/2022;Exame/Idea;https://exame.com/brasil/diferenca-entre-lula-e-bolsonaro-no-segundo-turno-cai-de-13-para-9/;BR-02495/2022
92;nao_sabe;6;2,2;1500;Telefone;95;20/04/2022;Exame/Idea;https://exame.com/brasil/diferenca-entre-lula-e-bolsonaro-no-segundo-turno-cai-de-13-para-9/;BR-02495/2022
93;Lula;43,3;2,2;2000;Domicilio;95;11/04/2022;ISTOÉ/Sensus;https://www.gazetadopovo.com.br/eleicoes/2022/pesquisa-eleitoral/sensus-divulga-primeira-pesquisa-sobre-eleicao-presidencial-de-2022-veja-os-numeros/;BR-01631/2022
94;Jair Bolsonaro;28,8;2,2;2000;Domicilio;95;11/04/2022;ISTOÉ/Sensus;https://www.gazetadopovo.com.br/eleicoes/2022/pesquisa-eleitoral/sensus-divulga-primeira-pesquisa-sobre-eleicao-presidencial-de-2022-veja-os-numeros/;BR-01631/2022
95;Ciro Gomes;6,3;2,2;2000;Domicilio;95;11/04/2022;ISTOÉ/Sensus;https://www.gazetadopovo.com.br/eleicoes/2022/pesquisa-eleitoral/sensus-divulga-primeira-pesquisa-sobre-eleicao-presidencial-de-2022-veja-os-numeros/;BR-01631/2022
96;João Doria;2,6;2,2;2000;Domicilio;95;11/04/2022;ISTOÉ/Sensus;https://www.gazetadopovo.com.br/eleicoes/2022/pesquisa-eleitoral/sensus-divulga-primeira-pesquisa-sobre-eleicao-presidencial-de-2022-veja-os-numeros/;BR-01631/2022
97;Janones;2;2,2;2000;Domicilio;95;11/04/2022;ISTOÉ/Sensus;https://www.gazetadopovo.com.br/eleicoes/2022/pesquisa-eleitoral/sensus-divulga-primeira-pesquisa-sobre-eleicao-presidencial-de-2022-veja-os-numeros/;BR-01631/2022
98;Tebet;0,8;2,2;2000;Domicilio;95;11/04/2022;ISTOÉ/Sensus;https://www.gazetadopovo.com.br/eleicoes/2022/pesquisa-eleitoral/sensus-divulga-primeira-pesquisa-sobre-eleicao-presidencial-de-2022-veja-os-numeros/;BR-01631/2022
99;Felipe d'Ávila;0,1;2,2;2000;Domicilio;95;11/04/2022;ISTOÉ/Sensus;https://www.gazetadopovo.com.br/eleicoes/2022/pesquisa-eleitoral/sensus-divulga-primeira-pesquisa-sobre-eleicao-presidencial-de-2022-veja-os-numeros/;BR-01631/2022
100;Leonardo Péricles;0,1;2,2;2000;Domicilio;95;11/04/2022;ISTOÉ/Sensus;https://www.gazetadopovo.com.br/eleicoes/2022/pesquisa-eleitoral/sensus-divulga-primeira-pesquisa-sobre-eleicao-presidencial-de-2022-veja-os-numeros/;BR-01631/2022
101;Vera Lúcia;1,1;2,2;2000;Domicilio;95;11/04/2022;ISTOÉ/Sensus;https://www.gazetadopovo.com.br/eleicoes/2022/pesquisa-eleitoral/sensus-divulga-primeira-pesquisa-sobre-eleicao-presidencial-de-2022-veja-os-numeros/;BR-01631/2022
102;Eymael;0,1;2,2;2000;Domicilio;95;11/04/2022;ISTOÉ/Sensus;https://www.gazetadopovo.com.br/eleicoes/2022/pesquisa-eleitoral/sensus-divulga-primeira-pesquisa-sobre-eleicao-presidencial-de-2022-veja-os-numeros/;BR-01631/2022
103;Manzano;0,1;2,2;2000;Domicilio;95;11/04/2022;ISTOÉ/Sensus;https://www.gazetadopovo.com.br/eleicoes/2022/pesquisa-eleitoral/sensus-divulga-primeira-pesquisa-sobre-eleicao-presidencial-de-2022-veja-os-numeros/;BR-01631/2022
104;Branco_Nulo;7,8;2,2;2000;Domicilio;95;11/04/2022;ISTOÉ/Sensus;https://www.gazetadopovo.com.br/eleicoes/2022/pesquisa-eleitoral/sensus-divulga-primeira-pesquisa-sobre-eleicao-presidencial-de-2022-veja-os-numeros/;BR-01631/2022
105;nao_sabe;7,1;2,2;2000;Domicilio;95;11/04/2022;ISTOÉ/Sensus;https://www.gazetadopovo.com.br/eleicoes/2022/pesquisa-eleitoral/sensus-divulga-primeira-pesquisa-sobre-eleicao-presidencial-de-2022-veja-os-numeros/;BR-01631/2022
106;Lula;40;2;3000;Telefone;95;12/04/2022;PODERDATA;https://www.poder360.com.br/poderdata/frente-de-lula-sobre-bolsonaro-cai-a-5-pontos-diz-poderdata/;BR-00368/2022
107;Jair Bolsonaro;35;2;3000;Telefone;95;12/04/2022;PODERDATA;https://www.poder360.com.br/poderdata/frente-de-lula-sobre-bolsonaro-cai-a-5-pontos-diz-poderdata/;BR-00368/2022
108;Ciro Gomes;5;2;3000;Telefone;95;12/04/2022;PODERDATA;https://www.poder360.com.br/poderdata/frente-de-lula-sobre-bolsonaro-cai-a-5-pontos-diz-poderdata/;BR-00368/2022
109;João Doria;3;2;3000;Telefone;95;12/04/2022;PODERDATA;https://www.poder360.com.br/poderdata/frente-de-lula-sobre-bolsonaro-cai-a-5-pontos-diz-poderdata/;BR-00368/2022
110;Janones;3;2;3000;Telefone;95;12/04/2022;PODERDATA;https://www.poder360.com.br/poderdata/frente-de-lula-sobre-bolsonaro-cai-a-5-pontos-diz-poderdata/;BR-00368/2022
111;Tebet;2;2;3000;Telefone;95;12/04/2022;PODERDATA;https://www.poder360.com.br/poderdata/frente-de-lula-sobre-bolsonaro-cai-a-5-pontos-diz-poderdata/;BR-00368/2022
112;Felipe d'Ávila; -   ;2;3000;Telefone;95;12/04/2022;PODERDATA;https://www.poder360.com.br/poderdata/frente-de-lula-sobre-bolsonaro-cai-a-5-pontos-diz-poderdata/;BR-00368/2022
113;Leonardo Péricles; -   ;2;3000;Telefone;95;12/04/2022;PODERDATA;https://www.poder360.com.br/poderdata/frente-de-lula-sobre-bolsonaro-cai-a-5-pontos-diz-poderdata/;BR-00368/2022
114;Vera Lúcia; -   ;2;3000;Telefone;95;12/04/2022;PODERDATA;https://www.poder360.com.br/poderdata/frente-de-lula-sobre-bolsonaro-cai-a-5-pontos-diz-poderdata/;BR-00368/2022
115;Eymael;1;2;3000;Telefone;95;12/04/2022;PODERDATA;https://www.poder360.com.br/poderdata/frente-de-lula-sobre-bolsonaro-cai-a-5-pontos-diz-poderdata/;BR-00368/2022
116;Manzano; -   ;2;3000;Telefone;95;12/04/2022;PODERDATA;https://www.poder360.com.br/poderdata/frente-de-lula-sobre-bolsonaro-cai-a-5-pontos-diz-poderdata/;BR-00368/2022
117;Branco_Nulo;7;2;3000;Telefone;95;12/04/2022;PODERDATA;https://www.poder360.com.br/poderdata/frente-de-lula-sobre-bolsonaro-cai-a-5-pontos-diz-poderdata/;BR-00368/2022
118;nao_sabe;4;2;3000;Telefone;95;12/04/2022;PODERDATA;https://www.poder360.com.br/poderdata/frente-de-lula-sobre-bolsonaro-cai-a-5-pontos-diz-poderdata/;BR-00368/2022
119;Lula;40;2,2;2020;Domicilio;95;05/04/2022;Paraná Pesquisas;https://www.paranapesquisas.com.br/pesquisas/parana-pesquisas-divulga-pesquisa-nacional-registro-tse-br-08065-2022-situacao-eleitoral-para-o-executivo-federal-em-2022-e-avaliacao-da-administracao-federal-abril-2022/;BR-08065/2022
120;Jair Bolsonaro;32,7;2,2;2020;Domicilio;95;05/04/2022;Paraná Pesquisas;https://www.paranapesquisas.com.br/pesquisas/parana-pesquisas-divulga-pesquisa-nacional-registro-tse-br-08065-2022-situacao-eleitoral-para-o-executivo-federal-em-2022-e-avaliacao-da-administracao-federal-abril-2022/;BR-08065/2022
121;Sergio Moro;7,1;2,2;2020;Domicilio;95;05/04/2022;Paraná Pesquisas;https://www.paranapesquisas.com.br/pesquisas/parana-pesquisas-divulga-pesquisa-nacional-registro-tse-br-08065-2022-situacao-eleitoral-para-o-executivo-federal-em-2022-e-avaliacao-da-administracao-federal-abril-2022/;BR-08065/2022
122;Ciro Gomes;5,4;2,2;2020;Domicilio;95;05/04/2022;Paraná Pesquisas;https://www.paranapesquisas.com.br/pesquisas/parana-pesquisas-divulga-pesquisa-nacional-registro-tse-br-08065-2022-situacao-eleitoral-para-o-executivo-federal-em-2022-e-avaliacao-da-administracao-federal-abril-2022/;BR-08065/2022
123;João Doria;2,3;2,2;2020;Domicilio;95;05/04/2022;Paraná Pesquisas;https://www.paranapesquisas.com.br/pesquisas/parana-pesquisas-divulga-pesquisa-nacional-registro-tse-br-08065-2022-situacao-eleitoral-para-o-executivo-federal-em-2022-e-avaliacao-da-administracao-federal-abril-2022/;BR-08065/2022
124;Janones;1,1;2,2;2020;Domicilio;95;05/04/2022;Paraná Pesquisas;https://www.paranapesquisas.com.br/pesquisas/parana-pesquisas-divulga-pesquisa-nacional-registro-tse-br-08065-2022-situacao-eleitoral-para-o-executivo-federal-em-2022-e-avaliacao-da-administracao-federal-abril-2022/;BR-08065/2022
125;Tebet;0,6;2,2;2020;Domicilio;95;05/04/2022;Paraná Pesquisas;https://www.paranapesquisas.com.br/pesquisas/parana-pesquisas-divulga-pesquisa-nacional-registro-tse-br-08065-2022-situacao-eleitoral-para-o-executivo-federal-em-2022-e-avaliacao-da-administracao-federal-abril-2022/;BR-08065/2022
126;Felipe d'Ávila;0,1;2,2;2020;Domicilio;95;05/04/2022;Paraná Pesquisas;https://www.paranapesquisas.com.br/pesquisas/parana-pesquisas-divulga-pesquisa-nacional-registro-tse-br-08065-2022-situacao-eleitoral-para-o-executivo-federal-em-2022-e-avaliacao-da-administracao-federal-abril-2022/;BR-08065/2022
127;Branco_Nulo;6,9;2,2;2020;Domicilio;95;05/04/2022;Paraná Pesquisas;https://www.paranapesquisas.com.br/pesquisas/parana-pesquisas-divulga-pesquisa-nacional-registro-tse-br-08065-2022-situacao-eleitoral-para-o-executivo-federal-em-2022-e-avaliacao-da-administracao-federal-abril-2022/;BR-08065/2022
128;nao_sabe;3,7;2,2;2020;Domicilio;95;05/04/2022;Paraná Pesquisas;https://www.paranapesquisas.com.br/pesquisas/parana-pesquisas-divulga-pesquisa-nacional-registro-tse-br-08065-2022-situacao-eleitoral-para-o-executivo-federal-em-2022-e-avaliacao-da-administracao-federal-abril-2022/;BR-08065/2022
129;Lula;44;2;2000;Domicilio;95;03/04/2022;QuaestPesquisa;https://media-blog.genialinvestimentos.com.br/wp-content/uploads/2022/04/06195508/genial-nas-eleicoes_pesquisa-para-presidente-2022_resultado-abril.pdf;BR-00372/2022
130;Jair Bolsonaro;29;2;2000;Domicilio;95;03/04/2022;QuaestPesquisa;https://media-blog.genialinvestimentos.com.br/wp-content/uploads/2022/04/06195508/genial-nas-eleicoes_pesquisa-para-presidente-2022_resultado-abril.pdf;BR-00372/2022
131;Sergio Moro;6;2;2000;Domicilio;95;03/04/2022;QuaestPesquisa;https://media-blog.genialinvestimentos.com.br/wp-content/uploads/2022/04/06195508/genial-nas-eleicoes_pesquisa-para-presidente-2022_resultado-abril.pdf;BR-00372/2022
132;Ciro Gomes;5;2;2000;Domicilio;95;03/04/2022;QuaestPesquisa;https://media-blog.genialinvestimentos.com.br/wp-content/uploads/2022/04/06195508/genial-nas-eleicoes_pesquisa-para-presidente-2022_resultado-abril.pdf;BR-00372/2022
133;João Doria;1;2;2000;Domicilio;95;03/04/2022;QuaestPesquisa;https://media-blog.genialinvestimentos.com.br/wp-content/uploads/2022/04/06195508/genial-nas-eleicoes_pesquisa-para-presidente-2022_resultado-abril.pdf;BR-00372/2022
134;Janones;3;2;2000;Domicilio;95;03/04/2022;QuaestPesquisa;https://media-blog.genialinvestimentos.com.br/wp-content/uploads/2022/04/06195508/genial-nas-eleicoes_pesquisa-para-presidente-2022_resultado-abril.pdf;BR-00372/2022
135;Tebet;1;2;2000;Domicilio;95;03/04/2022;QuaestPesquisa;https://media-blog.genialinvestimentos.com.br/wp-content/uploads/2022/04/06195508/genial-nas-eleicoes_pesquisa-para-presidente-2022_resultado-abril.pdf;BR-00372/2022
136;Felipe d'Ávila; -   ;2;2000;Domicilio;95;03/04/2022;QuaestPesquisa;https://media-blog.genialinvestimentos.com.br/wp-content/uploads/2022/04/06195508/genial-nas-eleicoes_pesquisa-para-presidente-2022_resultado-abril.pdf;BR-00372/2022
137;Leonardo Péricles; -   ;2;2000;Domicilio;95;03/04/2022;QuaestPesquisa;https://media-blog.genialinvestimentos.com.br/wp-content/uploads/2022/04/06195508/genial-nas-eleicoes_pesquisa-para-presidente-2022_resultado-abril.pdf;BR-00372/2022
138;Vera Lúcia; -   ;2;2000;Domicilio;95;03/04/2022;QuaestPesquisa;https://media-blog.genialinvestimentos.com.br/wp-content/uploads/2022/04/06195508/genial-nas-eleicoes_pesquisa-para-presidente-2022_resultado-abril.pdf;BR-00372/2022
139;Eymael; -   ;2;2000;Domicilio;95;03/04/2022;QuaestPesquisa;https://media-blog.genialinvestimentos.com.br/wp-content/uploads/2022/04/06195508/genial-nas-eleicoes_pesquisa-para-presidente-2022_resultado-abril.pdf;BR-00372/2022
140;Branco_Nulo;5;2;2000;Domicilio;95;03/04/2022;QuaestPesquisa;https://media-blog.genialinvestimentos.com.br/wp-content/uploads/2022/04/06195508/genial-nas-eleicoes_pesquisa-para-presidente-2022_resultado-abril.pdf;BR-00372/2022
141;nao_sabe;5;2;2000;Domicilio;95;03/04/2022;QuaestPesquisa;https://media-blog.genialinvestimentos.com.br/wp-content/uploads/2022/04/06195508/genial-nas-eleicoes_pesquisa-para-presidente-2022_resultado-abril.pdf;BR-00372/2022
142;Lula;44;3,2;1000;Telefone;95,5;05/04/2022;IPESP/XP;https://antoniolavareda.com/2022/04/06/sobre-a-pesquisa-ipespe-divulgada-hoje-6-abril/;BR-03874/2022
143;Jair Bolsonaro;30;3,2;1000;Telefone;95,5;05/04/2022;IPESP/XP;https://antoniolavareda.com/2022/04/06/sobre-a-pesquisa-ipespe-divulgada-hoje-6-abril/;BR-03874/2022
144;Ciro Gomes;9;3,2;1000;Telefone;95,5;05/04/2022;IPESP/XP;https://antoniolavareda.com/2022/04/06/sobre-a-pesquisa-ipespe-divulgada-hoje-6-abril/;BR-03874/2022
145;João Doria;3;3,2;1000;Telefone;95,5;05/04/2022;IPESP/XP;https://antoniolavareda.com/2022/04/06/sobre-a-pesquisa-ipespe-divulgada-hoje-6-abril/;BR-03874/2022
146;Janones;1;3,2;1000;Telefone;95,5;05/04/2022;IPESP/XP;https://antoniolavareda.com/2022/04/06/sobre-a-pesquisa-ipespe-divulgada-hoje-6-abril/;BR-03874/2022
147;Tebet;2;3,2;1000;Telefone;95,5;05/04/2022;IPESP/XP;https://antoniolavareda.com/2022/04/06/sobre-a-pesquisa-ipespe-divulgada-hoje-6-abril/;BR-03874/2022
148;Felipe d'Ávila; -   ;3,2;1000;Telefone;95,5;05/04/2022;IPESP/XP;https://antoniolavareda.com/2022/04/06/sobre-a-pesquisa-ipespe-divulgada-hoje-6-abril/;BR-03874/2022
149;Vera Lúcia; -   ;3,2;1000;Telefone;95,5;05/04/2022;IPESP/XP;https://antoniolavareda.com/2022/04/06/sobre-a-pesquisa-ipespe-divulgada-hoje-6-abril/;BR-03874/2022
150;Eymael; -   ;3,2;1000;Telefone;95,5;05/04/2022;IPESP/XP;https://antoniolavareda.com/2022/04/06/sobre-a-pesquisa-ipespe-divulgada-hoje-6-abril/;BR-03874/2022
151;Branco_Nulo;9;3,2;1000;Telefone;95,5;05/04/2022;IPESP/XP;https://antoniolavareda.com/2022/04/06/sobre-a-pesquisa-ipespe-divulgada-hoje-6-abril/;BR-03874/2022
152;nao_sabe;3;3,2;1000;Telefone;95,5;05/04/2022;IPESP/XP;https://antoniolavareda.com/2022/04/06/sobre-a-pesquisa-ipespe-divulgada-hoje-6-abril/;BR-03874/2022
153;Lula;41,4;2,35;2097,82;Telefone;95,09;31/03/2022;Média mês;Média mês;não se aplica
154;Jair Bolsonaro;29,49;2,35;2097,82;Telefone;95,09;31/03/2022;Média mês;Média mês;não se aplica
155;Sergio Moro;7,34;2,35;2097,82;Telefone;95,09;31/03/2022;Média mês;Média mês;não se aplica
156;Ciro Gomes;7,17;2,35;2097,82;Telefone;95,09;31/03/2022;Média mês;Média mês;não se aplica
157;João Doria;2,05;2,35;2097,82;Telefone;95,09;31/03/2022;Média mês;Média mês;não se aplica
158;Janones;1,62;2,35;2097,82;Telefone;95,09;31/03/2022;Média mês;Média mês;não se aplica
159;Tebet;0,95;2,35;2097,82;Telefone;95,09;31/03/2022;Média mês;Média mês;não se aplica
160;Felipe d'Ávila;0,27;2,36;2105,6;Telefone;95,1;31/03/2022;Média mês;Média mês;não se aplica
161;Eduardo Leite;1,83;2,33;2190;Telefone;95,06;31/03/2022;Média mês;Média mês;não se aplica
162;Branco_Nulo;5,62;2,35;2097,82;Telefone;95,09;31/03/2022;Média mês;Média mês;não se aplica
163;nao_sabe;2,71;2,35;2097,82;Telefone;95,09;31/03/2022;Média mês;Média mês;não se aplica
164;Vera Lúcia;0,5;2;2778;Telefone;95;31/03/2022;Média mês;Média mês;não se aplica
165;Aldo Rebelo;0,1;3;1500;Telefone;95;31/03/2022;Média mês;Média mês;não se aplica
166;Vieira;0,05;2,7;1510;Telefone;95,25;31/03/2022;Média mês;Média mês;não se aplica
167;Lula;38,5;2,2;2000;Telefone;95;25/03/2022;Moldalmais/Futura;https://www.cartacapital.com.br/politica/pesquisa-de-banco-mostra-lula-e-bolsonaro-empatados-especialistas-estranham-o-resultado/;BR-00758/2022
168;Jair Bolsonaro;35,5;2,2;2000;Telefone;95;25/03/2022;Moldalmais/Futura;https://www.cartacapital.com.br/politica/pesquisa-de-banco-mostra-lula-e-bolsonaro-empatados-especialistas-estranham-o-resultado/;BR-00758/2022
169;Sergio Moro;5,3;2,2;2000;Telefone;95;25/03/2022;Moldalmais/Futura;https://www.cartacapital.com.br/politica/pesquisa-de-banco-mostra-lula-e-bolsonaro-empatados-especialistas-estranham-o-resultado/;BR-00758/2022
170;Ciro Gomes;5,1;2,2;2000;Telefone;95;25/03/2022;Moldalmais/Futura;https://www.cartacapital.com.br/politica/pesquisa-de-banco-mostra-lula-e-bolsonaro-empatados-especialistas-estranham-o-resultado/;BR-00758/2022
171;João Doria;1,3;2,2;2000;Telefone;95;25/03/2022;Moldalmais/Futura;https://www.cartacapital.com.br/politica/pesquisa-de-banco-mostra-lula-e-bolsonaro-empatados-especialistas-estranham-o-resultado/;BR-00758/2022
172;Janones;2,1;2,2;2000;Telefone;95;25/03/2022;Moldalmais/Futura;https://www.cartacapital.com.br/politica/pesquisa-de-banco-mostra-lula-e-bolsonaro-empatados-especialistas-estranham-o-resultado/;BR-00758/2022
173;Tebet;1,1;2,2;2000;Telefone;95;25/03/2022;Moldalmais/Futura;https://www.cartacapital.com.br/politica/pesquisa-de-banco-mostra-lula-e-bolsonaro-empatados-especialistas-estranham-o-resultado/;BR-00758/2022
174;Felipe d'Ávila;0,3;2,2;2000;Telefone;95;25/03/2022;Moldalmais/Futura;https://www.cartacapital.com.br/politica/pesquisa-de-banco-mostra-lula-e-bolsonaro-empatados-especialistas-estranham-o-resultado/;BR-00758/2022
175;Eduardo Leite;1,3;2,2;2000;Telefone;95;25/03/2022;Moldalmais/Futura;https://www.cartacapital.com.br/politica/pesquisa-de-banco-mostra-lula-e-bolsonaro-empatados-especialistas-estranham-o-resultado/;BR-00758/2022
176;Branco_Nulo;5,2;2,2;2000;Telefone;95;25/03/2022;Moldalmais/Futura;https://www.cartacapital.com.br/politica/pesquisa-de-banco-mostra-lula-e-bolsonaro-empatados-especialistas-estranham-o-resultado/;BR-00758/2022
177;nao_sabe;4,2;2,2;2000;Telefone;95;25/03/2022;Moldalmais/Futura;https://www.cartacapital.com.br/politica/pesquisa-de-banco-mostra-lula-e-bolsonaro-empatados-especialistas-estranham-o-resultado/;BR-00758/2022
178;Lula;41;2;3000;Telefone;95;29/03/2022;PODERDATA;https://www.poder360.com.br/poderdata/poderdata-lula-tem-42-no-1o-turno-bolsonaro-31/;BR-06661/2022
179;Jair Bolsonaro;32;2;3000;Telefone;95;29/03/2022;PODERDATA;https://www.poder360.com.br/poderdata/poderdata-lula-tem-42-no-1o-turno-bolsonaro-31/;BR-06661/2022
180;Sergio Moro;6;2;3000;Telefone;95;29/03/2022;PODERDATA;https://www.poder360.com.br/poderdata/poderdata-lula-tem-42-no-1o-turno-bolsonaro-31/;BR-06661/2022
181;Ciro Gomes;7;2;3000;Telefone;95;29/03/2022;PODERDATA;https://www.poder360.com.br/poderdata/poderdata-lula-tem-42-no-1o-turno-bolsonaro-31/;BR-06661/2022
182;João Doria;3;2;3000;Telefone;95;29/03/2022;PODERDATA;https://www.poder360.com.br/poderdata/poderdata-lula-tem-42-no-1o-turno-bolsonaro-31/;BR-06661/2022
183;Janones;2;2;3000;Telefone;95;29/03/2022;PODERDATA;https://www.poder360.com.br/poderdata/poderdata-lula-tem-42-no-1o-turno-bolsonaro-31/;BR-06661/2022
184;Tebet;1;2;3000;Telefone;95;29/03/2022;PODERDATA;https://www.poder360.com.br/poderdata/poderdata-lula-tem-42-no-1o-turno-bolsonaro-31/;BR-06661/2022
185;Felipe d'Ávila; -   ;2;3000;Telefone;95;29/03/2022;PODERDATA;https://www.poder360.com.br/poderdata/poderdata-lula-tem-42-no-1o-turno-bolsonaro-31/;BR-06661/2022
186;Eduardo Leite;1;2;3000;Telefone;95;29/03/2022;PODERDATA;https://www.poder360.com.br/poderdata/poderdata-lula-tem-42-no-1o-turno-bolsonaro-31/;BR-06661/2022
187;Vera Lúcia; -   ;2;3000;Telefone;95;29/03/2022;PODERDATA;https://www.poder360.com.br/poderdata/poderdata-lula-tem-42-no-1o-turno-bolsonaro-31/;BR-06661/2022
188;Branco_Nulo;5;2;3000;Telefone;95;29/03/2022;PODERDATA;https://www.poder360.com.br/poderdata/poderdata-lula-tem-42-no-1o-turno-bolsonaro-31/;BR-06661/2022
189;nao_sabe;2;2;3000;Telefone;95;29/03/2022;PODERDATA;https://www.poder360.com.br/poderdata/poderdata-lula-tem-42-no-1o-turno-bolsonaro-31/;BR-06661/2022
190;Lula;44;3,2;1000;Telefone;95,5;23/03/2022;IPESP/XP;https://ipespe.org.br/pesquisa-ipespe-avaliacao-presidencial-eleicao-2022-marco-2o-quinzena/;BR-04222/2022
191;Jair Bolsonaro;26;3,2;1000;Telefone;95,5;23/03/2022;IPESP/XP;https://ipespe.org.br/pesquisa-ipespe-avaliacao-presidencial-eleicao-2022-marco-2o-quinzena/;BR-04222/2022
192;Sergio Moro;9;3,2;1000;Telefone;95,5;23/03/2022;IPESP/XP;https://ipespe.org.br/pesquisa-ipespe-avaliacao-presidencial-eleicao-2022-marco-2o-quinzena/;BR-04222/2022
193;Ciro Gomes;7;3,2;1000;Telefone;95,5;23/03/2022;IPESP/XP;https://ipespe.org.br/pesquisa-ipespe-avaliacao-presidencial-eleicao-2022-marco-2o-quinzena/;BR-04222/2022
194;João Doria;2;3,2;1000;Telefone;95,5;23/03/2022;IPESP/XP;https://ipespe.org.br/pesquisa-ipespe-avaliacao-presidencial-eleicao-2022-marco-2o-quinzena/;BR-04222/2022
195;Janones;1;3,2;1000;Telefone;95,5;23/03/2022;IPESP/XP;https://ipespe.org.br/pesquisa-ipespe-avaliacao-presidencial-eleicao-2022-marco-2o-quinzena/;BR-04222/2022
196;Tebet;1;3,2;1000;Telefone;95,5;23/03/2022;IPESP/XP;https://ipespe.org.br/pesquisa-ipespe-avaliacao-presidencial-eleicao-2022-marco-2o-quinzena/;BR-04222/2022
197;Felipe d'Ávila;1;3,2;1000;Telefone;95,5;23/03/2022;IPESP/XP;https://ipespe.org.br/pesquisa-ipespe-avaliacao-presidencial-eleicao-2022-marco-2o-quinzena/;BR-04222/2022
198;Eduardo Leite;1;3,2;1000;Telefone;95,5;23/03/2022;IPESP/XP;https://ipespe.org.br/pesquisa-ipespe-avaliacao-presidencial-eleicao-2022-marco-2o-quinzena/;BR-04222/2022
199;Branco_Nulo;7;3,2;1000;Telefone;95,5;23/03/2022;IPESP/XP;https://ipespe.org.br/pesquisa-ipespe-avaliacao-presidencial-eleicao-2022-marco-2o-quinzena/;BR-04222/2022
200;nao_sabe;2;3,2;1000;Telefone;95,5;23/03/2022;IPESP/XP;https://ipespe.org.br/pesquisa-ipespe-avaliacao-presidencial-eleicao-2022-marco-2o-quinzena/;BR-04222/2022
201;Lula;43;2;2556;Domicilio;95;23/03/2022;DataFolha;https://www.cnnbrasil.com.br/politica/pesquisa-datafolha-lula-tem-43-bolsonaro-26-moro-8-e-ciro-6/;BR-08967/2022
202;Jair Bolsonaro;26;2;2556;Domicilio;95;23/03/2022;DataFolha;https://www.cnnbrasil.com.br/politica/pesquisa-datafolha-lula-tem-43-bolsonaro-26-moro-8-e-ciro-6/;BR-08967/2022
203;Sergio Moro;8;2;2556;Domicilio;95;23/03/2022;DataFolha;https://www.cnnbrasil.com.br/politica/pesquisa-datafolha-lula-tem-43-bolsonaro-26-moro-8-e-ciro-6/;BR-08967/2022
204;Ciro Gomes;6;2;2556;Domicilio;95;23/03/2022;DataFolha;https://www.cnnbrasil.com.br/politica/pesquisa-datafolha-lula-tem-43-bolsonaro-26-moro-8-e-ciro-6/;BR-08967/2022
205;João Doria;2;2;2556;Domicilio;95;23/03/2022;DataFolha;https://www.cnnbrasil.com.br/politica/pesquisa-datafolha-lula-tem-43-bolsonaro-26-moro-8-e-ciro-6/;BR-08967/2022
206;Janones;2;2;2556;Domicilio;95;23/03/2022;DataFolha;https://www.cnnbrasil.com.br/politica/pesquisa-datafolha-lula-tem-43-bolsonaro-26-moro-8-e-ciro-6/;BR-08967/2022
207;Tebet;1;2;2556;Domicilio;95;23/03/2022;DataFolha;https://www.cnnbrasil.com.br/politica/pesquisa-datafolha-lula-tem-43-bolsonaro-26-moro-8-e-ciro-6/;BR-08967/2022
208;Felipe d'Ávila;1;2;2556;Domicilio;95;23/03/2022;DataFolha;https://www.cnnbrasil.com.br/politica/pesquisa-datafolha-lula-tem-43-bolsonaro-26-moro-8-e-ciro-6/;BR-08967/2022
209;Vera Lúcia;1;2;2556;Domicilio;95;23/03/2022;DataFolha;https://www.cnnbrasil.com.br/politica/pesquisa-datafolha-lula-tem-43-bolsonaro-26-moro-8-e-ciro-6/;BR-08967/2022
210;Branco_Nulo;6;2;2556;Domicilio;95;23/03/2022;DataFolha;https://www.cnnbrasil.com.br/politica/pesquisa-datafolha-lula-tem-43-bolsonaro-26-moro-8-e-ciro-6/;BR-08967/2022
211;nao_sabe;2;2;2556;Domicilio;95;23/03/2022;DataFolha;https://www.cnnbrasil.com.br/politica/pesquisa-datafolha-lula-tem-43-bolsonaro-26-moro-8-e-ciro-6/;BR-08967/2022
212;Lula;40;3;1500;Telefone;95;23/03/2022;Exame/Idea;https://classic.exame.com/wp-content/uploads/2022/03/EXAME-IDEIA-24-DE-MARCO_ESPECIAL-ELEICOES-2022-EDITORIAL.pdf;BR-04244/2022
213;Jair Bolsonaro;29;3;1500;Telefone;95;23/03/2022;Exame/Idea;https://classic.exame.com/wp-content/uploads/2022/03/EXAME-IDEIA-24-DE-MARCO_ESPECIAL-ELEICOES-2022-EDITORIAL.pdf;BR-04244/2022
214;Sergio Moro;9;3;1500;Telefone;95;23/03/2022;Exame/Idea;https://classic.exame.com/wp-content/uploads/2022/03/EXAME-IDEIA-24-DE-MARCO_ESPECIAL-ELEICOES-2022-EDITORIAL.pdf;BR-04244/2022
215;Ciro Gomes;9;3;1500;Telefone;95;23/03/2022;Exame/Idea;https://classic.exame.com/wp-content/uploads/2022/03/EXAME-IDEIA-24-DE-MARCO_ESPECIAL-ELEICOES-2022-EDITORIAL.pdf;BR-04244/2022
216;João Doria;1;3;1500;Telefone;95;23/03/2022;Exame/Idea;https://classic.exame.com/wp-content/uploads/2022/03/EXAME-IDEIA-24-DE-MARCO_ESPECIAL-ELEICOES-2022-EDITORIAL.pdf;BR-04244/2022
217;Janones;1;3;1500;Telefone;95;23/03/2022;Exame/Idea;https://classic.exame.com/wp-content/uploads/2022/03/EXAME-IDEIA-24-DE-MARCO_ESPECIAL-ELEICOES-2022-EDITORIAL.pdf;BR-04244/2022
218;Tebet;1;3;1500;Telefone;95;23/03/2022;Exame/Idea;https://classic.exame.com/wp-content/uploads/2022/03/EXAME-IDEIA-24-DE-MARCO_ESPECIAL-ELEICOES-2022-EDITORIAL.pdf;BR-04244/2022
219;Felipe d'Ávila;0,4;3;1500;Telefone;95;23/03/2022;Exame/Idea;https://classic.exame.com/wp-content/uploads/2022/03/EXAME-IDEIA-24-DE-MARCO_ESPECIAL-ELEICOES-2022-EDITORIAL.pdf;BR-04244/2022
220;Aldo Rebelo;0,1;3;1500;Telefone;95;23/03/2022;Exame/Idea;https://classic.exame.com/wp-content/uploads/2022/03/EXAME-IDEIA-24-DE-MARCO_ESPECIAL-ELEICOES-2022-EDITORIAL.pdf;BR-04244/2022
221;Eduardo Leite;2;3;1500;Telefone;95;23/03/2022;Exame/Idea;https://classic.exame.com/wp-content/uploads/2022/03/EXAME-IDEIA-24-DE-MARCO_ESPECIAL-ELEICOES-2022-EDITORIAL.pdf;BR-04244/2022
222;Branco_Nulo;4;3;1500;Telefone;95;23/03/2022;Exame/Idea;https://classic.exame.com/wp-content/uploads/2022/03/EXAME-IDEIA-24-DE-MARCO_ESPECIAL-ELEICOES-2022-EDITORIAL.pdf;BR-04244/2022
223;nao_sabe;2;3;1500;Telefone;95;23/03/2022;Exame/Idea;https://classic.exame.com/wp-content/uploads/2022/03/EXAME-IDEIA-24-DE-MARCO_ESPECIAL-ELEICOES-2022-EDITORIAL.pdf;BR-04244/2022
224;Lula;43;2;2000;Telefone;95;20/03/2022;bgtpactual/fsbpesquisa;https://static.btgpactual.com/media/pesquisa-btg-fsb-21mar2022.pdf;BR-09630/2022
225;Jair Bolsonaro;29;2;2000;Telefone;95;20/03/2022;bgtpactual/fsbpesquisa;https://static.btgpactual.com/media/pesquisa-btg-fsb-21mar2022.pdf;BR-09630/2022
226;Sergio Moro;8;2;2000;Telefone;95;20/03/2022;bgtpactual/fsbpesquisa;https://static.btgpactual.com/media/pesquisa-btg-fsb-21mar2022.pdf;BR-09630/2022
227;Ciro Gomes;9;2;2000;Telefone;95;20/03/2022;bgtpactual/fsbpesquisa;https://static.btgpactual.com/media/pesquisa-btg-fsb-21mar2022.pdf;BR-09630/2022
228;João Doria;2;2;2000;Telefone;95;20/03/2022;bgtpactual/fsbpesquisa;https://static.btgpactual.com/media/pesquisa-btg-fsb-21mar2022.pdf;BR-09630/2022
229;Janones;2;2;2000;Telefone;95;20/03/2022;bgtpactual/fsbpesquisa;https://static.btgpactual.com/media/pesquisa-btg-fsb-21mar2022.pdf;BR-09630/2022
230;Tebet;1;2;2000;Telefone;95;20/03/2022;bgtpactual/fsbpesquisa;https://static.btgpactual.com/media/pesquisa-btg-fsb-21mar2022.pdf;BR-09630/2022
231;Felipe d'Ávila; -   ;2;2000;Telefone;95;20/03/2022;bgtpactual/fsbpesquisa;https://static.btgpactual.com/media/pesquisa-btg-fsb-21mar2022.pdf;BR-09630/2022
232;Eduardo Leite;2;2;2000;Telefone;95;20/03/2022;bgtpactual/fsbpesquisa;https://static.btgpactual.com/media/pesquisa-btg-fsb-21mar2022.pdf;BR-09630/2022
233;Branco_Nulo;4;2;2000;Telefone;95;20/03/2022;bgtpactual/fsbpesquisa;https://static.btgpactual.com/media/pesquisa-btg-fsb-21mar2022.pdf;BR-09630/2022
234;nao_sabe;1;2;2000;Telefone;95;20/03/2022;bgtpactual/fsbpesquisa;https://static.btgpactual.com/media/pesquisa-btg-fsb-21mar2022.pdf;BR-09630/2022
235;Lula;40;2;3000;Telefone;95;15/03/2022;PODERDATA;https://www.poder360.com.br/poderdata/recuperacao-de-bolsonaro-perde-impeto-diz-poderdata/;BR-00835/2022
236;Jair Bolsonaro;30;2;3000;Telefone;95;15/03/2022;PODERDATA;https://www.poder360.com.br/poderdata/recuperacao-de-bolsonaro-perde-impeto-diz-poderdata/;BR-00835/2022
237;Sergio Moro;7;2;3000;Telefone;95;15/03/2022;PODERDATA;https://www.poder360.com.br/poderdata/recuperacao-de-bolsonaro-perde-impeto-diz-poderdata/;BR-00835/2022
238;Ciro Gomes;7;2;3000;Telefone;95;15/03/2022;PODERDATA;https://www.poder360.com.br/poderdata/recuperacao-de-bolsonaro-perde-impeto-diz-poderdata/;BR-00835/2022
239;João Doria;2;2;3000;Telefone;95;15/03/2022;PODERDATA;https://www.poder360.com.br/poderdata/recuperacao-de-bolsonaro-perde-impeto-diz-poderdata/;BR-00835/2022
240;Janones;2;2;3000;Telefone;95;15/03/2022;PODERDATA;https://www.poder360.com.br/poderdata/recuperacao-de-bolsonaro-perde-impeto-diz-poderdata/;BR-00835/2022
241;Tebet;1;2;3000;Telefone;95;15/03/2022;PODERDATA;https://www.poder360.com.br/poderdata/recuperacao-de-bolsonaro-perde-impeto-diz-poderdata/;BR-00835/2022
242;Felipe d'Ávila; -   ;2;3000;Telefone;95;15/03/2022;PODERDATA;https://www.poder360.com.br/poderdata/recuperacao-de-bolsonaro-perde-impeto-diz-poderdata/;BR-00835/2022
243;Eduardo Leite;3;2;3000;Telefone;95;15/03/2022;PODERDATA;https://www.poder360.com.br/poderdata/recuperacao-de-bolsonaro-perde-impeto-diz-poderdata/;BR-00835/2022
244;Branco_Nulo;5;2;3000;Telefone;95;15/03/2022;PODERDATA;https://www.poder360.com.br/poderdata/recuperacao-de-bolsonaro-perde-impeto-diz-poderdata/;BR-00835/2022
245;nao_sabe;3;2;3000;Telefone;95;15/03/2022;PODERDATA;https://www.poder360.com.br/poderdata/recuperacao-de-bolsonaro-perde-impeto-diz-poderdata/;BR-00835/2022
246;Lula;44;2;2000;Domicilio;95;13/03/2022;QuaestPesquisa;https://media-blog.genialinvestimentos.com.br/wp-content/uploads/2022/03/15184014/genial-nas-eleicoes_pesquisa-para-presidente-2022_resultado-marco.pdf;BR-06693/2022
247;Jair Bolsonaro;26;2;2000;Domicilio;95;13/03/2022;QuaestPesquisa;https://media-blog.genialinvestimentos.com.br/wp-content/uploads/2022/03/15184014/genial-nas-eleicoes_pesquisa-para-presidente-2022_resultado-marco.pdf;BR-06693/2022
248;Sergio Moro;7;2;2000;Domicilio;95;13/03/2022;QuaestPesquisa;https://media-blog.genialinvestimentos.com.br/wp-content/uploads/2022/03/15184014/genial-nas-eleicoes_pesquisa-para-presidente-2022_resultado-marco.pdf;BR-06693/2022
249;Ciro Gomes;7;2;2000;Domicilio;95;13/03/2022;QuaestPesquisa;https://media-blog.genialinvestimentos.com.br/wp-content/uploads/2022/03/15184014/genial-nas-eleicoes_pesquisa-para-presidente-2022_resultado-marco.pdf;BR-06693/2022
250;João Doria;2;2;2000;Domicilio;95;13/03/2022;QuaestPesquisa;https://media-blog.genialinvestimentos.com.br/wp-content/uploads/2022/03/15184014/genial-nas-eleicoes_pesquisa-para-presidente-2022_resultado-marco.pdf;BR-06693/2022
251;Janones;2;2;2000;Domicilio;95;13/03/2022;QuaestPesquisa;https://media-blog.genialinvestimentos.com.br/wp-content/uploads/2022/03/15184014/genial-nas-eleicoes_pesquisa-para-presidente-2022_resultado-marco.pdf;BR-06693/2022
252;Tebet;1;2;2000;Domicilio;95;13/03/2022;QuaestPesquisa;https://media-blog.genialinvestimentos.com.br/wp-content/uploads/2022/03/15184014/genial-nas-eleicoes_pesquisa-para-presidente-2022_resultado-marco.pdf;BR-06693/2022
253;Felipe d'Ávila; -   ;2;2000;Domicilio;95;13/03/2022;QuaestPesquisa;https://media-blog.genialinvestimentos.com.br/wp-content/uploads/2022/03/15184014/genial-nas-eleicoes_pesquisa-para-presidente-2022_resultado-marco.pdf;BR-06693/2022
254;Branco_Nulo;6;2;2000;Domicilio;95;13/03/2022;QuaestPesquisa;https://media-blog.genialinvestimentos.com.br/wp-content/uploads/2022/03/15184014/genial-nas-eleicoes_pesquisa-para-presidente-2022_resultado-marco.pdf;BR-06693/2022
255;nao_sabe;5;2;2000;Domicilio;95;13/03/2022;QuaestPesquisa;https://media-blog.genialinvestimentos.com.br/wp-content/uploads/2022/03/15184014/genial-nas-eleicoes_pesquisa-para-presidente-2022_resultado-marco.pdf;BR-06693/2022
256;Lula;43;3,2;1000;Telefone;95,5;09/03/2022;IPESP/XP;https://antoniolavareda.com/2022/03/11/pesquisa-ipespe-divulgada-dia-11-03-22/;BR-03573/2022
257;Jair Bolsonaro;28;3,2;1000;Telefone;95,5;09/03/2022;IPESP/XP;https://antoniolavareda.com/2022/03/11/pesquisa-ipespe-divulgada-dia-11-03-22/;BR-03573/2022
258;Sergio Moro;8;3,2;1000;Telefone;95,5;09/03/2022;IPESP/XP;https://antoniolavareda.com/2022/03/11/pesquisa-ipespe-divulgada-dia-11-03-22/;BR-03573/2022
259;Ciro Gomes;8;3,2;1000;Telefone;95,5;09/03/2022;IPESP/XP;https://antoniolavareda.com/2022/03/11/pesquisa-ipespe-divulgada-dia-11-03-22/;BR-03573/2022
260;João Doria;3;3,2;1000;Telefone;95,5;09/03/2022;IPESP/XP;https://antoniolavareda.com/2022/03/11/pesquisa-ipespe-divulgada-dia-11-03-22/;BR-03573/2022
261;Janones;1;3,2;1000;Telefone;95,5;09/03/2022;IPESP/XP;https://antoniolavareda.com/2022/03/11/pesquisa-ipespe-divulgada-dia-11-03-22/;BR-03573/2022
262;Tebet;1;3,2;1000;Telefone;95,5;09/03/2022;IPESP/XP;https://antoniolavareda.com/2022/03/11/pesquisa-ipespe-divulgada-dia-11-03-22/;BR-03573/2022
263;Felipe d'Ávila; -   ;3,2;1000;Telefone;95,5;09/03/2022;IPESP/XP;https://antoniolavareda.com/2022/03/11/pesquisa-ipespe-divulgada-dia-11-03-22/;BR-03573/2022
264;Vieira; -   ;3,2;1000;Telefone;95,5;09/03/2022;IPESP/XP;https://antoniolavareda.com/2022/03/11/pesquisa-ipespe-divulgada-dia-11-03-22/;BR-03573/2022
265;Branco_Nulo;7;3,2;1000;Telefone;95,5;09/03/2022;IPESP/XP;https://antoniolavareda.com/2022/03/11/pesquisa-ipespe-divulgada-dia-11-03-22/;BR-03573/2022
266;nao_sabe;2;3,2;1000;Telefone;95,5;09/03/2022;IPESP/XP;https://antoniolavareda.com/2022/03/11/pesquisa-ipespe-divulgada-dia-11-03-22/;BR-03573/2022
267;Lula;38,9;2,2;2020;Domicilio;95;08/03/2022;Paraná Pesquisas;https://www.paranapesquisas.com.br/pesquisas/parana-pesquisas-divulga-pesquisa-nacional-registro-tse-br-06682-2022-situacao-eleitoral-para-o-executivo-federal-em-2022-e-avaliacao-da-administracao-federal-marco-2022/;BR-06682/2022
268;Jair Bolsonaro;30,9;2,2;2020;Domicilio;95;08/03/2022;Paraná Pesquisas;https://www.paranapesquisas.com.br/pesquisas/parana-pesquisas-divulga-pesquisa-nacional-registro-tse-br-06682-2022-situacao-eleitoral-para-o-executivo-federal-em-2022-e-avaliacao-da-administracao-federal-marco-2022/;BR-06682/2022
269;Sergio Moro;7,4;2,2;2020;Domicilio;95;08/03/2022;Paraná Pesquisas;https://www.paranapesquisas.com.br/pesquisas/parana-pesquisas-divulga-pesquisa-nacional-registro-tse-br-06682-2022-situacao-eleitoral-para-o-executivo-federal-em-2022-e-avaliacao-da-administracao-federal-marco-2022/;BR-06682/2022
270;Ciro Gomes;6,8;2,2;2020;Domicilio;95;08/03/2022;Paraná Pesquisas;https://www.paranapesquisas.com.br/pesquisas/parana-pesquisas-divulga-pesquisa-nacional-registro-tse-br-06682-2022-situacao-eleitoral-para-o-executivo-federal-em-2022-e-avaliacao-da-administracao-federal-marco-2022/;BR-06682/2022
271;João Doria;2,2;2,2;2020;Domicilio;95;08/03/2022;Paraná Pesquisas;https://www.paranapesquisas.com.br/pesquisas/parana-pesquisas-divulga-pesquisa-nacional-registro-tse-br-06682-2022-situacao-eleitoral-para-o-executivo-federal-em-2022-e-avaliacao-da-administracao-federal-marco-2022/;BR-06682/2022
272;Janones;0,7;2,2;2020;Domicilio;95;08/03/2022;Paraná Pesquisas;https://www.paranapesquisas.com.br/pesquisas/parana-pesquisas-divulga-pesquisa-nacional-registro-tse-br-06682-2022-situacao-eleitoral-para-o-executivo-federal-em-2022-e-avaliacao-da-administracao-federal-marco-2022/;BR-06682/2022
273;Tebet;0,4;2,2;2020;Domicilio;95;08/03/2022;Paraná Pesquisas;https://www.paranapesquisas.com.br/pesquisas/parana-pesquisas-divulga-pesquisa-nacional-registro-tse-br-06682-2022-situacao-eleitoral-para-o-executivo-federal-em-2022-e-avaliacao-da-administracao-federal-marco-2022/;BR-06682/2022
274;Vieira;0,1;2,2;2020;Domicilio;95;08/03/2022;Paraná Pesquisas;https://www.paranapesquisas.com.br/pesquisas/parana-pesquisas-divulga-pesquisa-nacional-registro-tse-br-06682-2022-situacao-eleitoral-para-o-executivo-federal-em-2022-e-avaliacao-da-administracao-federal-marco-2022/;BR-06682/2022
275;Eduardo Leite;1,3;2,2;2020;Domicilio;95;08/03/2022;Paraná Pesquisas;https://www.paranapesquisas.com.br/pesquisas/parana-pesquisas-divulga-pesquisa-nacional-registro-tse-br-06682-2022-situacao-eleitoral-para-o-executivo-federal-em-2022-e-avaliacao-da-administracao-federal-marco-2022/;BR-06682/2022
276;Branco_Nulo;7,6;2,2;2020;Domicilio;95;08/03/2022;Paraná Pesquisas;https://www.paranapesquisas.com.br/pesquisas/parana-pesquisas-divulga-pesquisa-nacional-registro-tse-br-06682-2022-situacao-eleitoral-para-o-executivo-federal-em-2022-e-avaliacao-da-administracao-federal-marco-2022/;BR-06682/2022
277;nao_sabe;3,6;2,2;2020;Domicilio;95;08/03/2022;Paraná Pesquisas;https://www.paranapesquisas.com.br/pesquisas/parana-pesquisas-divulga-pesquisa-nacional-registro-tse-br-06682-2022-situacao-eleitoral-para-o-executivo-federal-em-2022-e-avaliacao-da-administracao-federal-marco-2022/;BR-06682/2022
278;Lula;40;2;3000;Telefone;95;01/03/2022;PODERDATA;https://www.poder360.com.br/poderdata/lula-40-x-32-bolsonaro-diz-poderdata-sobre-1o-turno/;BR-01570/2022
279;Jair Bolsonaro;32;2;3000;Telefone;95;01/03/2022;PODERDATA;https://www.poder360.com.br/poderdata/lula-40-x-32-bolsonaro-diz-poderdata-sobre-1o-turno/;BR-01570/2022
280;Sergio Moro;6;2;3000;Telefone;95;01/03/2022;PODERDATA;https://www.poder360.com.br/poderdata/lula-40-x-32-bolsonaro-diz-poderdata-sobre-1o-turno/;BR-01570/2022
281;Ciro Gomes;7;2;3000;Telefone;95;01/03/2022;PODERDATA;https://www.poder360.com.br/poderdata/lula-40-x-32-bolsonaro-diz-poderdata-sobre-1o-turno/;BR-01570/2022
282;João Doria;2;2;3000;Telefone;95;01/03/2022;PODERDATA;https://www.poder360.com.br/poderdata/lula-40-x-32-bolsonaro-diz-poderdata-sobre-1o-turno/;BR-01570/2022
283;Janones;2;2;3000;Telefone;95;01/03/2022;PODERDATA;https://www.poder360.com.br/poderdata/lula-40-x-32-bolsonaro-diz-poderdata-sobre-1o-turno/;BR-01570/2022
284;Tebet;1;2;3000;Telefone;95;01/03/2022;PODERDATA;https://www.poder360.com.br/poderdata/lula-40-x-32-bolsonaro-diz-poderdata-sobre-1o-turno/;BR-01570/2022
285;Felipe d'Ávila; -   ;2;3000;Telefone;95;01/03/2022;PODERDATA;https://www.poder360.com.br/poderdata/lula-40-x-32-bolsonaro-diz-poderdata-sobre-1o-turno/;BR-01570/2022
286;Eduardo Leite;3;2;3000;Telefone;95;01/03/2022;PODERDATA;https://www.poder360.com.br/poderdata/lula-40-x-32-bolsonaro-diz-poderdata-sobre-1o-turno/;BR-01570/2022
287;Branco_Nulo;5;2;3000;Telefone;95;01/03/2022;PODERDATA;https://www.poder360.com.br/poderdata/lula-40-x-32-bolsonaro-diz-poderdata-sobre-1o-turno/;BR-01570/2022
288;nao_sabe;3;2;3000;Telefone;95;01/03/2022;PODERDATA;https://www.poder360.com.br/poderdata/lula-40-x-32-bolsonaro-diz-poderdata-sobre-1o-turno/;BR-01570/2022
289;Lula;41,26;2,29;1949,89;Telefone;95,18;28/02/2022;Média mês;Média mês;não se aplica
290;Jair Bolsonaro;28,2;2,29;1949,89;Telefone;95,18;28/02/2022;Média mês;Média mês;não se aplica
291;Sergio Moro;8,11;2,29;1949,89;Telefone;95,18;28/02/2022;Média mês;Média mês;não se aplica
292;Ciro Gomes;6,57;2,29;1949,89;Telefone;95,18;28/02/2022;Média mês;Média mês;não se aplica
293;João Doria;2,22;2,29;1949,89;Telefone;95,18;28/02/2022;Média mês;Média mês;não se aplica
294;Janones;1,51;2,29;1949,89;Telefone;95,18;28/02/2022;Média mês;Média mês;não se aplica
295;Tebet;0,69;2,29;1949,89;Telefone;95,18;28/02/2022;Média mês;Média mês;não se aplica
296;Felipe d'Ávila;0,24;2,33;1937,75;Telefone;95,2;28/02/2022;Média mês;Média mês;não se aplica
297;Eduardo Leite;1;3,2;1000;Telefone;95,5;28/02/2022;Média mês;Média mês;não se aplica
298;Branco_Nulo;6,4;2,29;1949,89;Telefone;95,18;28/02/2022;Média mês;Média mês;não se aplica
299;nao_sabe;3,6;2,29;1949,89;Telefone;95,18;28/02/2022;Média mês;Média mês;não se aplica
300;Rodrigo Pacheco;0,53;2,18;2068,63;Telefone;95,14;28/02/2022;Média mês;Média mês;não se aplica
301;Vieira;0,42;2,2;2091,17;Telefone;95,08;28/02/2022;Média mês;Média mês;não se aplica
302;Leonardo Péricles;0,2;2,6;1750;Telefone;95;28/02/2022;Média mês;Média mês;não se aplica
303;Aldo Rebelo;0,25;2,6;1750;Telefone;95;28/02/2022;Média mês;Média mês;não se aplica
304;Guilherme Boulos;0,9;2,2;2000;Telefone;95;28/02/2022;Média mês;Média mês;não se aplica
305;Lula;43;3,2;1000;Telefone;95,5;23/02/2022;IPESP/XP;https://antoniolavareda.com/wp-content/uploads/2022/02/2022_02_02-PESQUISA-IPESPE.pdf;BR-05015/2022
306;Jair Bolsonaro;26;3,2;1000;Telefone;95,5;23/02/2022;IPESP/XP;https://antoniolavareda.com/wp-content/uploads/2022/02/2022_02_02-PESQUISA-IPESPE.pdf;BR-05015/2022
307;Sergio Moro;8;3,2;1000;Telefone;95,5;23/02/2022;IPESP/XP;https://antoniolavareda.com/wp-content/uploads/2022/02/2022_02_02-PESQUISA-IPESPE.pdf;BR-05015/2022
308;Ciro Gomes;7;3,2;1000;Telefone;95,5;23/02/2022;IPESP/XP;https://antoniolavareda.com/wp-content/uploads/2022/02/2022_02_02-PESQUISA-IPESPE.pdf;BR-05015/2022
309;João Doria;3;3,2;1000;Telefone;95,5;23/02/2022;IPESP/XP;https://antoniolavareda.com/wp-content/uploads/2022/02/2022_02_02-PESQUISA-IPESPE.pdf;BR-05015/2022
310;Janones;1;3,2;1000;Telefone;95,5;23/02/2022;IPESP/XP;https://antoniolavareda.com/wp-content/uploads/2022/02/2022_02_02-PESQUISA-IPESPE.pdf;BR-05015/2022
311;Tebet;1;3,2;1000;Telefone;95,5;23/02/2022;IPESP/XP;https://antoniolavareda.com/wp-content/uploads/2022/02/2022_02_02-PESQUISA-IPESPE.pdf;BR-05015/2022
312;Felipe d'Ávila;1;3,2;1000;Telefone;95,5;23/02/2022;IPESP/XP;https://antoniolavareda.com/wp-content/uploads/2022/02/2022_02_02-PESQUISA-IPESPE.pdf;BR-05015/2022
313;Eduardo Leite;1;3,2;1000;Telefone;95,5;23/02/2022;IPESP/XP;https://antoniolavareda.com/wp-content/uploads/2022/02/2022_02_02-PESQUISA-IPESPE.pdf;BR-05015/2022
314;Branco_Nulo;7;3,2;1000;Telefone;95,5;23/02/2022;IPESP/XP;https://antoniolavareda.com/wp-content/uploads/2022/02/2022_02_02-PESQUISA-IPESPE.pdf;BR-05015/2022
315;nao_sabe;2;3,2;1000;Telefone;95,5;23/02/2022;IPESP/XP;https://antoniolavareda.com/wp-content/uploads/2022/02/2022_02_02-PESQUISA-IPESPE.pdf;BR-05015/2022
316;Lula;42;3;1500;Telefone;95;22/02/2022;Exame/Idea;https://exame.com/brasil/lula-lidera-com-42-contra-27-de-bolsonaro-diz-exame-ideia/;BR-05955/2022
317;Jair Bolsonaro;27;3;1500;Telefone;95;22/02/2022;Exame/Idea;https://exame.com/brasil/lula-lidera-com-42-contra-27-de-bolsonaro-diz-exame-ideia/;BR-05955/2022
318;Sergio Moro;10;3;1500;Telefone;95;22/02/2022;Exame/Idea;https://exame.com/brasil/lula-lidera-com-42-contra-27-de-bolsonaro-diz-exame-ideia/;BR-05955/2022
319;Ciro Gomes;8;3;1500;Telefone;95;22/02/2022;Exame/Idea;https://exame.com/brasil/lula-lidera-com-42-contra-27-de-bolsonaro-diz-exame-ideia/;BR-05955/2022
320;João Doria;1;3;1500;Telefone;95;22/02/2022;Exame/Idea;https://exame.com/brasil/lula-lidera-com-42-contra-27-de-bolsonaro-diz-exame-ideia/;BR-05955/2022
321;Janones;0,9;3;1500;Telefone;95;22/02/2022;Exame/Idea;https://exame.com/brasil/lula-lidera-com-42-contra-27-de-bolsonaro-diz-exame-ideia/;BR-05955/2022
322;Tebet;0,4;3;1500;Telefone;95;22/02/2022;Exame/Idea;https://exame.com/brasil/lula-lidera-com-42-contra-27-de-bolsonaro-diz-exame-ideia/;BR-05955/2022
323;Felipe d'Ávila;0,5;3;1500;Telefone;95;22/02/2022;Exame/Idea;https://exame.com/brasil/lula-lidera-com-42-contra-27-de-bolsonaro-diz-exame-ideia/;BR-05955/2022
324;Rodrigo Pacheco;0,8;3;1500;Telefone;95;22/02/2022;Exame/Idea;https://exame.com/brasil/lula-lidera-com-42-contra-27-de-bolsonaro-diz-exame-ideia/;BR-05955/2022
325;Vieira;0,3;3;1500;Telefone;95;22/02/2022;Exame/Idea;https://exame.com/brasil/lula-lidera-com-42-contra-27-de-bolsonaro-diz-exame-ideia/;BR-05955/2022
326;Leonardo Péricles;0,1;3;1500;Telefone;95;22/02/2022;Exame/Idea;https://exame.com/brasil/lula-lidera-com-42-contra-27-de-bolsonaro-diz-exame-ideia/;BR-05955/2022
327;Aldo Rebelo;0,2;3;1500;Telefone;95;22/02/2022;Exame/Idea;https://exame.com/brasil/lula-lidera-com-42-contra-27-de-bolsonaro-diz-exame-ideia/;BR-05955/2022
328;Branco_Nulo;4;3;1500;Telefone;95;22/02/2022;Exame/Idea;https://exame.com/brasil/lula-lidera-com-42-contra-27-de-bolsonaro-diz-exame-ideia/;BR-05955/2022
329;nao_sabe;3;3;1500;Telefone;95;22/02/2022;Exame/Idea;https://exame.com/brasil/lula-lidera-com-42-contra-27-de-bolsonaro-diz-exame-ideia/;BR-05955/2022
330;Lula;35;2,2;2000;Telefone;95;17/02/2022;Moldalmais/Futura;https://futurainteligencia-my.sharepoint.com/personal/gabrieli_futurainteligencia_com_br/_layouts/15/onedrive.aspx?id=%2Fpersonal%2Fgabrieli%5Ffuturainteligencia%5Fcom%5Fbr%2FDocuments%2FR%5FEleições2022%5FModalMais%5F202202%5F%20Divulgação%2Epdf&parent=%2Fpersonal%2Fgabrieli%5Ffuturainteligencia%5Fcom%5Fbr%2FDocuments;BR-08869/2022
331;Jair Bolsonaro;34,7;2,2;2000;Telefone;95;17/02/2022;Moldalmais/Futura;https://futurainteligencia-my.sharepoint.com/personal/gabrieli_futurainteligencia_com_br/_layouts/15/onedrive.aspx?id=%2Fpersonal%2Fgabrieli%5Ffuturainteligencia%5Fcom%5Fbr%2FDocuments%2FR%5FEleições2022%5FModalMais%5F202202%5F%20Divulgação%2Epdf&parent=%2Fpersonal%2Fgabrieli%5Ffuturainteligencia%5Fcom%5Fbr%2FDocuments;BR-08869/2022
332;Sergio Moro;7,5;2,2;2000;Telefone;95;17/02/2022;Moldalmais/Futura;https://futurainteligencia-my.sharepoint.com/personal/gabrieli_futurainteligencia_com_br/_layouts/15/onedrive.aspx?id=%2Fpersonal%2Fgabrieli%5Ffuturainteligencia%5Fcom%5Fbr%2FDocuments%2FR%5FEleições2022%5FModalMais%5F202202%5F%20Divulgação%2Epdf&parent=%2Fpersonal%2Fgabrieli%5Ffuturainteligencia%5Fcom%5Fbr%2FDocuments;BR-08869/2022
333;Ciro Gomes;5,8;2,2;2000;Telefone;95;17/02/2022;Moldalmais/Futura;https://futurainteligencia-my.sharepoint.com/personal/gabrieli_futurainteligencia_com_br/_layouts/15/onedrive.aspx?id=%2Fpersonal%2Fgabrieli%5Ffuturainteligencia%5Fcom%5Fbr%2FDocuments%2FR%5FEleições2022%5FModalMais%5F202202%5F%20Divulgação%2Epdf&parent=%2Fpersonal%2Fgabrieli%5Ffuturainteligencia%5Fcom%5Fbr%2FDocuments;BR-08869/2022
334;João Doria;1,8;2,2;2000;Telefone;95;17/02/2022;Moldalmais/Futura;https://futurainteligencia-my.sharepoint.com/personal/gabrieli_futurainteligencia_com_br/_layouts/15/onedrive.aspx?id=%2Fpersonal%2Fgabrieli%5Ffuturainteligencia%5Fcom%5Fbr%2FDocuments%2FR%5FEleições2022%5FModalMais%5F202202%5F%20Divulgação%2Epdf&parent=%2Fpersonal%2Fgabrieli%5Ffuturainteligencia%5Fcom%5Fbr%2FDocuments;BR-08869/2022
335;Janones;2,1;2,2;2000;Telefone;95;17/02/2022;Moldalmais/Futura;https://futurainteligencia-my.sharepoint.com/personal/gabrieli_futurainteligencia_com_br/_layouts/15/onedrive.aspx?id=%2Fpersonal%2Fgabrieli%5Ffuturainteligencia%5Fcom%5Fbr%2FDocuments%2FR%5FEleições2022%5FModalMais%5F202202%5F%20Divulgação%2Epdf&parent=%2Fpersonal%2Fgabrieli%5Ffuturainteligencia%5Fcom%5Fbr%2FDocuments;BR-08869/2022
336;Tebet;0,4;2,2;2000;Telefone;95;17/02/2022;Moldalmais/Futura;https://futurainteligencia-my.sharepoint.com/personal/gabrieli_futurainteligencia_com_br/_layouts/15/onedrive.aspx?id=%2Fpersonal%2Fgabrieli%5Ffuturainteligencia%5Fcom%5Fbr%2FDocuments%2FR%5FEleições2022%5FModalMais%5F202202%5F%20Divulgação%2Epdf&parent=%2Fpersonal%2Fgabrieli%5Ffuturainteligencia%5Fcom%5Fbr%2FDocuments;BR-08869/2022
337;Felipe d'Ávila;0,1;2,2;2000;Telefone;95;17/02/2022;Moldalmais/Futura;https://futurainteligencia-my.sharepoint.com/personal/gabrieli_futurainteligencia_com_br/_layouts/15/onedrive.aspx?id=%2Fpersonal%2Fgabrieli%5Ffuturainteligencia%5Fcom%5Fbr%2FDocuments%2FR%5FEleições2022%5FModalMais%5F202202%5F%20Divulgação%2Epdf&parent=%2Fpersonal%2Fgabrieli%5Ffuturainteligencia%5Fcom%5Fbr%2FDocuments;BR-08869/2022
338;Rodrigo Pacheco;0,7;2,2;2000;Telefone;95;17/02/2022;Moldalmais/Futura;https://futurainteligencia-my.sharepoint.com/personal/gabrieli_futurainteligencia_com_br/_layouts/15/onedrive.aspx?id=%2Fpersonal%2Fgabrieli%5Ffuturainteligencia%5Fcom%5Fbr%2FDocuments%2FR%5FEleições2022%5FModalMais%5F202202%5F%20Divulgação%2Epdf&parent=%2Fpersonal%2Fgabrieli%5Ffuturainteligencia%5Fcom%5Fbr%2FDocuments;BR-08869/2022
339;Vieira;0,1;2,2;2000;Telefone;95;17/02/2022;Moldalmais/Futura;https://futurainteligencia-my.sharepoint.com/personal/gabrieli_futurainteligencia_com_br/_layouts/15/onedrive.aspx?id=%2Fpersonal%2Fgabrieli%5Ffuturainteligencia%5Fcom%5Fbr%2FDocuments%2FR%5FEleições2022%5FModalMais%5F202202%5F%20Divulgação%2Epdf&parent=%2Fpersonal%2Fgabrieli%5Ffuturainteligencia%5Fcom%5Fbr%2FDocuments;BR-08869/2022
340;Guilherme Boulos;0,9;2,2;2000;Telefone;95;17/02/2022;Moldalmais/Futura;https://futurainteligencia-my.sharepoint.com/personal/gabrieli_futurainteligencia_com_br/_layouts/15/onedrive.aspx?id=%2Fpersonal%2Fgabrieli%5Ffuturainteligencia%5Fcom%5Fbr%2FDocuments%2FR%5FEleições2022%5FModalMais%5F202202%5F%20Divulgação%2Epdf&parent=%2Fpersonal%2Fgabrieli%5Ffuturainteligencia%5Fcom%5Fbr%2FDocuments;BR-08869/2022
341;Leonardo Péricles;0,3;2,2;2000;Telefone;95;17/02/2022;Moldalmais/Futura;https://futurainteligencia-my.sharepoint.com/personal/gabrieli_futurainteligencia_com_br/_layouts/15/onedrive.aspx?id=%2Fpersonal%2Fgabrieli%5Ffuturainteligencia%5Fcom%5Fbr%2FDocuments%2FR%5FEleições2022%5FModalMais%5F202202%5F%20Divulgação%2Epdf&parent=%2Fpersonal%2Fgabrieli%5Ffuturainteligencia%5Fcom%5Fbr%2FDocuments;BR-08869/2022
342;Aldo Rebelo;0,3;2,2;2000;Telefone;95;17/02/2022;Moldalmais/Futura;https://futurainteligencia-my.sharepoint.com/personal/gabrieli_futurainteligencia_com_br/_layouts/15/onedrive.aspx?id=%2Fpersonal%2Fgabrieli%5Ffuturainteligencia%5Fcom%5Fbr%2FDocuments%2FR%5FEleições2022%5FModalMais%5F202202%5F%20Divulgação%2Epdf&parent=%2Fpersonal%2Fgabrieli%5Ffuturainteligencia%5Fcom%5Fbr%2FDocuments;BR-08869/2022
343;Branco_Nulo;6,1;2,2;2000;Telefone;95;17/02/2022;Moldalmais/Futura;https://futurainteligencia-my.sharepoint.com/personal/gabrieli_futurainteligencia_com_br/_layouts/15/onedrive.aspx?id=%2Fpersonal%2Fgabrieli%5Ffuturainteligencia%5Fcom%5Fbr%2FDocuments%2FR%5FEleições2022%5FModalMais%5F202202%5F%20Divulgação%2Epdf&parent=%2Fpersonal%2Fgabrieli%5Ffuturainteligencia%5Fcom%5Fbr%2FDocuments;BR-08869/2022
344;nao_sabe;4,4;2,2;2000;Telefone;95;17/02/2022;Moldalmais/Futura;https://futurainteligencia-my.sharepoint.com/personal/gabrieli_futurainteligencia_com_br/_layouts/15/onedrive.aspx?id=%2Fpersonal%2Fgabrieli%5Ffuturainteligencia%5Fcom%5Fbr%2FDocuments%2FR%5FEleições2022%5FModalMais%5F202202%5F%20Divulgação%2Epdf&parent=%2Fpersonal%2Fgabrieli%5Ffuturainteligencia%5Fcom%5Fbr%2FDocuments;BR-08869/2022
345;Lula;42,2;2,2;2002;Domicilio;95,6;19/02/2022;CNT/MDA;https://www.cnt.org.br/agencia-cnt/cnt-divulga-resultados-da-nova-pesquisa-de-opiniao;BR-09751/2022
346;Jair Bolsonaro;28;2,2;2002;Domicilio;95,6;19/02/2022;CNT/MDA;https://www.cnt.org.br/agencia-cnt/cnt-divulga-resultados-da-nova-pesquisa-de-opiniao;BR-09751/2022
347;Sergio Moro;6,4;2,2;2002;Domicilio;95,6;19/02/2022;CNT/MDA;https://www.cnt.org.br/agencia-cnt/cnt-divulga-resultados-da-nova-pesquisa-de-opiniao;BR-09751/2022
348;Ciro Gomes;6,7;2,2;2002;Domicilio;95,6;19/02/2022;CNT/MDA;https://www.cnt.org.br/agencia-cnt/cnt-divulga-resultados-da-nova-pesquisa-de-opiniao;BR-09751/2022
349;João Doria;1,8;2,2;2002;Domicilio;95,6;19/02/2022;CNT/MDA;https://www.cnt.org.br/agencia-cnt/cnt-divulga-resultados-da-nova-pesquisa-de-opiniao;BR-09751/2022
350;Janones;1,5;2,2;2002;Domicilio;95,6;19/02/2022;CNT/MDA;https://www.cnt.org.br/agencia-cnt/cnt-divulga-resultados-da-nova-pesquisa-de-opiniao;BR-09751/2022
351;Tebet;0,6;2,2;2002;Domicilio;95,6;19/02/2022;CNT/MDA;https://www.cnt.org.br/agencia-cnt/cnt-divulga-resultados-da-nova-pesquisa-de-opiniao;BR-09751/2022
352;Felipe d'Ávila;0,3;2,2;2002;Domicilio;95,6;19/02/2022;CNT/MDA;https://www.cnt.org.br/agencia-cnt/cnt-divulga-resultados-da-nova-pesquisa-de-opiniao;BR-09751/2022
353;Rodrigo Pacheco;0,3;2,2;2002;Domicilio;95,6;19/02/2022;CNT/MDA;https://www.cnt.org.br/agencia-cnt/cnt-divulga-resultados-da-nova-pesquisa-de-opiniao;BR-09751/2022
354;Branco_Nulo;6,2;2,2;2002;Domicilio;95,6;19/02/2022;CNT/MDA;https://www.cnt.org.br/agencia-cnt/cnt-divulga-resultados-da-nova-pesquisa-de-opiniao;BR-09751/2022
355;nao_sabe;6;2,2;2002;Domicilio;95,6;19/02/2022;CNT/MDA;https://www.cnt.org.br/agencia-cnt/cnt-divulga-resultados-da-nova-pesquisa-de-opiniao;BR-09751/2022
356;Lula;40;2;3000;Telefone;95;15/02/2022;PODERDATA;https://www.poder360.com.br/poderdata/poderdata-lula-tem-40-contra-31-de-bolsonaro-no-1o-turno/;BR-06942/2022
357;Jair Bolsonaro;31;2;3000;Telefone;95;15/02/2022;PODERDATA;https://www.poder360.com.br/poderdata/poderdata-lula-tem-40-contra-31-de-bolsonaro-no-1o-turno/;BR-06942/2022
358;Sergio Moro;9;2;3000;Telefone;95;15/02/2022;PODERDATA;https://www.poder360.com.br/poderdata/poderdata-lula-tem-40-contra-31-de-bolsonaro-no-1o-turno/;BR-06942/2022
359;Ciro Gomes;4;2;3000;Telefone;95;15/02/2022;PODERDATA;https://www.poder360.com.br/poderdata/poderdata-lula-tem-40-contra-31-de-bolsonaro-no-1o-turno/;BR-06942/2022
360;João Doria;3;2;3000;Telefone;95;15/02/2022;PODERDATA;https://www.poder360.com.br/poderdata/poderdata-lula-tem-40-contra-31-de-bolsonaro-no-1o-turno/;BR-06942/2022
361;Janones;2;2;3000;Telefone;95;15/02/2022;PODERDATA;https://www.poder360.com.br/poderdata/poderdata-lula-tem-40-contra-31-de-bolsonaro-no-1o-turno/;BR-06942/2022
362;Tebet; -   ;2;3000;Telefone;95;15/02/2022;PODERDATA;https://www.poder360.com.br/poderdata/poderdata-lula-tem-40-contra-31-de-bolsonaro-no-1o-turno/;BR-06942/2022
363;Felipe d'Ávila; -   ;2;3000;Telefone;95;15/02/2022;PODERDATA;https://www.poder360.com.br/poderdata/poderdata-lula-tem-40-contra-31-de-bolsonaro-no-1o-turno/;BR-06942/2022
364;Rodrigo Pacheco;1;2;3000;Telefone;95;15/02/2022;PODERDATA;https://www.poder360.com.br/poderdata/poderdata-lula-tem-40-contra-31-de-bolsonaro-no-1o-turno/;BR-06942/2022
365;Vieira;1;2;3000;Telefone;95;15/02/2022;PODERDATA;https://www.poder360.com.br/poderdata/poderdata-lula-tem-40-contra-31-de-bolsonaro-no-1o-turno/;BR-06942/2022
366;Branco_Nulo;5;2;3000;Telefone;95;15/02/2022;PODERDATA;https://www.poder360.com.br/poderdata/poderdata-lula-tem-40-contra-31-de-bolsonaro-no-1o-turno/;BR-06942/2022
367;nao_sabe;3;2;3000;Telefone;95;15/02/2022;PODERDATA;https://www.poder360.com.br/poderdata/poderdata-lula-tem-40-contra-31-de-bolsonaro-no-1o-turno/;BR-06942/2022
368;Lula;43;2;1000;Telefone;95,5;09/02/2022;IPESP/XP;https://antoniolavareda.com/2022/02/11/pesquisa-ipespe-divulgada-11-02-2022/;BR-03828/2022
369;Jair Bolsonaro;25;2;1000;Telefone;95,5;09/02/2022;IPESP/XP;https://antoniolavareda.com/2022/02/11/pesquisa-ipespe-divulgada-11-02-2022/;BR-03828/2022
370;Sergio Moro;8;2;1000;Telefone;95,5;09/02/2022;IPESP/XP;https://antoniolavareda.com/2022/02/11/pesquisa-ipespe-divulgada-11-02-2022/;BR-03828/2022
371;Ciro Gomes;8;2;1000;Telefone;95,5;09/02/2022;IPESP/XP;https://antoniolavareda.com/2022/02/11/pesquisa-ipespe-divulgada-11-02-2022/;BR-03828/2022
372;João Doria;3;2;1000;Telefone;95,5;09/02/2022;IPESP/XP;https://antoniolavareda.com/2022/02/11/pesquisa-ipespe-divulgada-11-02-2022/;BR-03828/2022
373;Janones;1;2;1000;Telefone;95,5;09/02/2022;IPESP/XP;https://antoniolavareda.com/2022/02/11/pesquisa-ipespe-divulgada-11-02-2022/;BR-03828/2022
374;Tebet;1;2;1000;Telefone;95,5;09/02/2022;IPESP/XP;https://antoniolavareda.com/2022/02/11/pesquisa-ipespe-divulgada-11-02-2022/;BR-03828/2022
375;Felipe d'Ávila; -   ;2;1000;Telefone;95,5;09/02/2022;IPESP/XP;https://antoniolavareda.com/2022/02/11/pesquisa-ipespe-divulgada-11-02-2022/;BR-03828/2022
376;Rodrigo Pacheco; -   ;2;1000;Telefone;95,5;09/02/2022;IPESP/XP;https://antoniolavareda.com/2022/02/11/pesquisa-ipespe-divulgada-11-02-2022/;BR-03828/2022
377;Vieira; -   ;2;1000;Telefone;95,5;09/02/2022;IPESP/XP;https://antoniolavareda.com/2022/02/11/pesquisa-ipespe-divulgada-11-02-2022/;BR-03828/2022
378;Branco_Nulo;9;2;1000;Telefone;95,5;09/02/2022;IPESP/XP;https://antoniolavareda.com/2022/02/11/pesquisa-ipespe-divulgada-11-02-2022/;BR-03828/2022
379;nao_sabe;3;2;1000;Telefone;95,5;09/02/2022;IPESP/XP;https://antoniolavareda.com/2022/02/11/pesquisa-ipespe-divulgada-11-02-2022/;BR-03828/2022
380;Lula;45;2;2000;Domicilio;95;06/02/2022;QuaestPesquisa;https://media-blog.genialinvestimentos.com.br/wp-content/uploads/2022/02/08214004/genial-nas-eleicoes_pesquisa-para-presidente-2022_resultado-fevereiro.pdf;BR-08857/2022
381;Jair Bolsonaro;23;2;2000;Domicilio;95;06/02/2022;QuaestPesquisa;https://media-blog.genialinvestimentos.com.br/wp-content/uploads/2022/02/08214004/genial-nas-eleicoes_pesquisa-para-presidente-2022_resultado-fevereiro.pdf;BR-08857/2022
382;Sergio Moro;7;2;2000;Domicilio;95;06/02/2022;QuaestPesquisa;https://media-blog.genialinvestimentos.com.br/wp-content/uploads/2022/02/08214004/genial-nas-eleicoes_pesquisa-para-presidente-2022_resultado-fevereiro.pdf;BR-08857/2022
383;Ciro Gomes;7;2;2000;Domicilio;95;06/02/2022;QuaestPesquisa;https://media-blog.genialinvestimentos.com.br/wp-content/uploads/2022/02/08214004/genial-nas-eleicoes_pesquisa-para-presidente-2022_resultado-fevereiro.pdf;BR-08857/2022
384;João Doria;2;2;2000;Domicilio;95;06/02/2022;QuaestPesquisa;https://media-blog.genialinvestimentos.com.br/wp-content/uploads/2022/02/08214004/genial-nas-eleicoes_pesquisa-para-presidente-2022_resultado-fevereiro.pdf;BR-08857/2022
385;Janones;2;2;2000;Domicilio;95;06/02/2022;QuaestPesquisa;https://media-blog.genialinvestimentos.com.br/wp-content/uploads/2022/02/08214004/genial-nas-eleicoes_pesquisa-para-presidente-2022_resultado-fevereiro.pdf;BR-08857/2022
386;Tebet;1;2;2000;Domicilio;95;06/02/2022;QuaestPesquisa;https://media-blog.genialinvestimentos.com.br/wp-content/uploads/2022/02/08214004/genial-nas-eleicoes_pesquisa-para-presidente-2022_resultado-fevereiro.pdf;BR-08857/2022
387;Felipe d'Ávila; -   ;2;2000;Domicilio;95;06/02/2022;QuaestPesquisa;https://media-blog.genialinvestimentos.com.br/wp-content/uploads/2022/02/08214004/genial-nas-eleicoes_pesquisa-para-presidente-2022_resultado-fevereiro.pdf;BR-08857/2022
388;Rodrigo Pacheco; -   ;2;2000;Domicilio;95;06/02/2022;QuaestPesquisa;https://media-blog.genialinvestimentos.com.br/wp-content/uploads/2022/02/08214004/genial-nas-eleicoes_pesquisa-para-presidente-2022_resultado-fevereiro.pdf;BR-08857/2022
389;Branco_Nulo;8;2;2000;Domicilio;95;06/02/2022;QuaestPesquisa;https://media-blog.genialinvestimentos.com.br/wp-content/uploads/2022/02/08214004/genial-nas-eleicoes_pesquisa-para-presidente-2022_resultado-fevereiro.pdf;BR-08857/2022
390;nao_sabe;5;2;2000;Domicilio;95;06/02/2022;QuaestPesquisa;https://media-blog.genialinvestimentos.com.br/wp-content/uploads/2022/02/08214004/genial-nas-eleicoes_pesquisa-para-presidente-2022_resultado-fevereiro.pdf;BR-08857/2022
391;Lula;40,1;2;2047;Domicilio;95;01/02/2022;Paraná Pesquisas;https://www.paranapesquisas.com.br/pesquisas/pesquisa-nacional-registro-tse-br-09055-2022-situacao-eleitoral-para-o-executivo-federal-em-2022-e-avaliacao-da-administracao-federal-fevereiro-2022/;BR-09055/2022
392;Jair Bolsonaro;29,1;2;2047;Domicilio;95;01/02/2022;Paraná Pesquisas;https://www.paranapesquisas.com.br/pesquisas/pesquisa-nacional-registro-tse-br-09055-2022-situacao-eleitoral-para-o-executivo-federal-em-2022-e-avaliacao-da-administracao-federal-fevereiro-2022/;BR-09055/2022
393;Sergio Moro;10,1;2;2047;Domicilio;95;01/02/2022;Paraná Pesquisas;https://www.paranapesquisas.com.br/pesquisas/pesquisa-nacional-registro-tse-br-09055-2022-situacao-eleitoral-para-o-executivo-federal-em-2022-e-avaliacao-da-administracao-federal-fevereiro-2022/;BR-09055/2022
394;Ciro Gomes;5,6;2;2047;Domicilio;95;01/02/2022;Paraná Pesquisas;https://www.paranapesquisas.com.br/pesquisas/pesquisa-nacional-registro-tse-br-09055-2022-situacao-eleitoral-para-o-executivo-federal-em-2022-e-avaliacao-da-administracao-federal-fevereiro-2022/;BR-09055/2022
395;João Doria;2,4;2;2047;Domicilio;95;01/02/2022;Paraná Pesquisas;https://www.paranapesquisas.com.br/pesquisas/pesquisa-nacional-registro-tse-br-09055-2022-situacao-eleitoral-para-o-executivo-federal-em-2022-e-avaliacao-da-administracao-federal-fevereiro-2022/;BR-09055/2022
396;Janones;1,1;2;2047;Domicilio;95;01/02/2022;Paraná Pesquisas;https://www.paranapesquisas.com.br/pesquisas/pesquisa-nacional-registro-tse-br-09055-2022-situacao-eleitoral-para-o-executivo-federal-em-2022-e-avaliacao-da-administracao-federal-fevereiro-2022/;BR-09055/2022
397;Vieira;0,1;2;2047;Domicilio;95;01/02/2022;Paraná Pesquisas;https://www.paranapesquisas.com.br/pesquisas/pesquisa-nacional-registro-tse-br-09055-2022-situacao-eleitoral-para-o-executivo-federal-em-2022-e-avaliacao-da-administracao-federal-fevereiro-2022/;BR-09055/2022
398;Tebet;0,8;2;2047;Domicilio;95;01/02/2022;Paraná Pesquisas;https://www.paranapesquisas.com.br/pesquisas/pesquisa-nacional-registro-tse-br-09055-2022-situacao-eleitoral-para-o-executivo-federal-em-2022-e-avaliacao-da-administracao-federal-fevereiro-2022/;BR-09055/2022
399;Rodrigo Pacheco;0,4;2;2047;Domicilio;95;01/02/2022;Paraná Pesquisas;https://www.paranapesquisas.com.br/pesquisas/pesquisa-nacional-registro-tse-br-09055-2022-situacao-eleitoral-para-o-executivo-federal-em-2022-e-avaliacao-da-administracao-federal-fevereiro-2022/;BR-09055/2022
400;Branco_Nulo;7,3;2;2047;Domicilio;95;01/02/2022;Paraná Pesquisas;https://www.paranapesquisas.com.br/pesquisas/pesquisa-nacional-registro-tse-br-09055-2022-situacao-eleitoral-para-o-executivo-federal-em-2022-e-avaliacao-da-administracao-federal-fevereiro-2022/;BR-09055/2022
401;nao_sabe;3;2;2047;Domicilio;95;01/02/2022;Paraná Pesquisas;https://www.paranapesquisas.com.br/pesquisas/pesquisa-nacional-registro-tse-br-09055-2022-situacao-eleitoral-para-o-executivo-federal-em-2022-e-avaliacao-da-administracao-federal-fevereiro-2022/;BR-09055/2022
402;Lula;41;2;3000;Telefone;95;01/02/2022;PODERDATA;https://www.poder360.com.br/poderdata/poderdata-lula-tem-41-no-1o-turno-bolsonaro-tem-30/;BR-09445/2022
403;Jair Bolsonaro;30;2;3000;Telefone;95;01/02/2022;PODERDATA;https://www.poder360.com.br/poderdata/poderdata-lula-tem-41-no-1o-turno-bolsonaro-tem-30/;BR-09445/2022
404;Sergio Moro;7;2;3000;Telefone;95;01/02/2022;PODERDATA;https://www.poder360.com.br/poderdata/poderdata-lula-tem-41-no-1o-turno-bolsonaro-tem-30/;BR-09445/2022
405;Ciro Gomes;7;2;3000;Telefone;95;01/02/2022;PODERDATA;https://www.poder360.com.br/poderdata/poderdata-lula-tem-41-no-1o-turno-bolsonaro-tem-30/;BR-09445/2022
406;João Doria;2;2;3000;Telefone;95;01/02/2022;PODERDATA;https://www.poder360.com.br/poderdata/poderdata-lula-tem-41-no-1o-turno-bolsonaro-tem-30/;BR-09445/2022
407;Janones;2;2;3000;Telefone;95;01/02/2022;PODERDATA;https://www.poder360.com.br/poderdata/poderdata-lula-tem-41-no-1o-turno-bolsonaro-tem-30/;BR-09445/2022
408;Vieira;1;2;3000;Telefone;95;01/02/2022;PODERDATA;https://www.poder360.com.br/poderdata/poderdata-lula-tem-41-no-1o-turno-bolsonaro-tem-30/;BR-09445/2022
409;Tebet;1;2;3000;Telefone;95;01/02/2022;PODERDATA;https://www.poder360.com.br/poderdata/poderdata-lula-tem-41-no-1o-turno-bolsonaro-tem-30/;BR-09445/2022
410;Felipe d'Ávila; -   ;2;3000;Telefone;95;01/02/2022;PODERDATA;https://www.poder360.com.br/poderdata/poderdata-lula-tem-41-no-1o-turno-bolsonaro-tem-30/;BR-09445/2022
411;Rodrigo Pacheco;1;2;3000;Telefone;95;01/02/2022;PODERDATA;https://www.poder360.com.br/poderdata/poderdata-lula-tem-41-no-1o-turno-bolsonaro-tem-30/;BR-09445/2022
412;Branco_Nulo;5;2;3000;Telefone;95;01/02/2022;PODERDATA;https://www.poder360.com.br/poderdata/poderdata-lula-tem-41-no-1o-turno-bolsonaro-tem-30/;BR-09445/2022
413;nao_sabe;3;2;3000;Telefone;95;01/02/2022;PODERDATA;https://www.poder360.com.br/poderdata/poderdata-lula-tem-41-no-1o-turno-bolsonaro-tem-30/;BR-09445/2022
414;Lula;42,15;2,6;1750;Telefone;95,17;31/01/2022;Média mês;Média mês;não se aplica
415;Jair Bolsonaro;25,73;2,6;1750;Telefone;95,17;31/01/2022;Média mês;Média mês;não se aplica
416;Sergio Moro;8,92;2,6;1750;Telefone;95,17;31/01/2022;Média mês;Média mês;não se aplica
417;Ciro Gomes;5,93;2,6;1750;Telefone;95,17;31/01/2022;Média mês;Média mês;não se aplica
418;João Doria;2,57;2,6;1750;Telefone;95,17;31/01/2022;Média mês;Média mês;não se aplica
419;Vieira;0,7;2,47;2000;Telefone;95,17;31/01/2022;Média mês;Média mês;não se aplica
420;Tebet;0,75;2,6;1750;Telefone;95,17;31/01/2022;Média mês;Média mês;não se aplica
421;Felipe d'Ávila;0,28;2,65;1750;Telefone;95,25;31/01/2022;Média mês;Média mês;não se aplica
422;Rodrigo Pacheco;0,6;2,6;1750;Telefone;95,17;31/01/2022;Média mês;Média mês;não se aplica
423;Branco_Nulo;6,68;2,6;1750;Telefone;95,17;31/01/2022;Média mês;Média mês;não se aplica
424;nao_sabe;5,1;2,6;1750;Telefone;95,17;31/01/2022;Média mês;Média mês;não se aplica
425;Janones;1,9;2,1;2500;Telefone;95;31/01/2022;Média mês;Média mês;não se aplica
426;Guilherme Boulos;0,8;2,2;2000;Telefone;95;31/01/2022;Média mês;Média mês;não se aplica
427;Leonardo Péricles;0,2;2,2;2000;Telefone;95;31/01/2022;Média mês;Média mês;não se aplica
428;Aldo Rebelo;0,2;2,2;2000;Telefone;95;31/01/2022;Média mês;Média mês;não se aplica
429;Lula;44;3,2;1000;Telefone;95,5;25/01/2022;IPESP/XP;https://antoniolavareda.com/2022/01/27/integra-da-pesquisa-ipespe-divulgada-27-01-2022/;BR-06408/2022
430;Jair Bolsonaro;24;3,2;1000;Telefone;95,5;25/01/2022;IPESP/XP;https://antoniolavareda.com/2022/01/27/integra-da-pesquisa-ipespe-divulgada-27-01-2022/;BR-06408/2022
431;Sergio Moro;8;3,2;1000;Telefone;95,5;25/01/2022;IPESP/XP;https://antoniolavareda.com/2022/01/27/integra-da-pesquisa-ipespe-divulgada-27-01-2022/;BR-06408/2022
432;Ciro Gomes;8;3,2;1000;Telefone;95,5;25/01/2022;IPESP/XP;https://antoniolavareda.com/2022/01/27/integra-da-pesquisa-ipespe-divulgada-27-01-2022/;BR-06408/2022
433;João Doria;2;3,2;1000;Telefone;95,5;25/01/2022;IPESP/XP;https://antoniolavareda.com/2022/01/27/integra-da-pesquisa-ipespe-divulgada-27-01-2022/;BR-06408/2022
434;Vieira;1;3,2;1000;Telefone;95,5;25/01/2022;IPESP/XP;https://antoniolavareda.com/2022/01/27/integra-da-pesquisa-ipespe-divulgada-27-01-2022/;BR-06408/2022
435;Tebet;1;3,2;1000;Telefone;95,5;25/01/2022;IPESP/XP;https://antoniolavareda.com/2022/01/27/integra-da-pesquisa-ipespe-divulgada-27-01-2022/;BR-06408/2022
436;Felipe d'Ávila; -   ;3,2;1000;Telefone;95,5;25/01/2022;IPESP/XP;https://antoniolavareda.com/2022/01/27/integra-da-pesquisa-ipespe-divulgada-27-01-2022/;BR-06408/2022
437;Rodrigo Pacheco;1;3,2;1000;Telefone;95,5;25/01/2022;IPESP/XP;https://antoniolavareda.com/2022/01/27/integra-da-pesquisa-ipespe-divulgada-27-01-2022/;BR-06408/2022
438;Branco_Nulo;8;3,2;1000;Telefone;95,5;25/01/2022;IPESP/XP;https://antoniolavareda.com/2022/01/27/integra-da-pesquisa-ipespe-divulgada-27-01-2022/;BR-06408/2022
439;nao_sabe;4;3,2;1000;Telefone;95,5;25/01/2022;IPESP/XP;https://antoniolavareda.com/2022/01/27/integra-da-pesquisa-ipespe-divulgada-27-01-2022/;BR-06408/2022
440;Lula;36,9;2,2;2000;Telefone;95;21/01/2022;Moldalmais/Futura;https://www.moneytimes.com.br/veja-integra-da-nova-pesquisa-eleitoral-para-2022-publicada-pela-modalmais-futura/;BR-08869/2022
441;Jair Bolsonaro;31,4;2,2;2000;Telefone;95;21/01/2022;Moldalmais/Futura;https://www.moneytimes.com.br/veja-integra-da-nova-pesquisa-eleitoral-para-2022-publicada-pela-modalmais-futura/;BR-08869/2022
442;Sergio Moro;8,5;2,2;2000;Telefone;95;21/01/2022;Moldalmais/Futura;https://www.moneytimes.com.br/veja-integra-da-nova-pesquisa-eleitoral-para-2022-publicada-pela-modalmais-futura/;BR-08869/2022
443;Ciro Gomes;5,6;2,2;2000;Telefone;95;21/01/2022;Moldalmais/Futura;https://www.moneytimes.com.br/veja-integra-da-nova-pesquisa-eleitoral-para-2022-publicada-pela-modalmais-futura/;BR-08869/2022
444;João Doria;2,4;2,2;2000;Telefone;95;21/01/2022;Moldalmais/Futura;https://www.moneytimes.com.br/veja-integra-da-nova-pesquisa-eleitoral-para-2022-publicada-pela-modalmais-futura/;BR-08869/2022
445;Janones;1,8;2,2;2000;Telefone;95;21/01/2022;Moldalmais/Futura;https://www.moneytimes.com.br/veja-integra-da-nova-pesquisa-eleitoral-para-2022-publicada-pela-modalmais-futura/;BR-08869/2022
446;Vieira;0,1;2,2;2000;Telefone;95;21/01/2022;Moldalmais/Futura;https://www.moneytimes.com.br/veja-integra-da-nova-pesquisa-eleitoral-para-2022-publicada-pela-modalmais-futura/;BR-08869/2022
447;Tebet;0,5;2,2;2000;Telefone;95;21/01/2022;Moldalmais/Futura;https://www.moneytimes.com.br/veja-integra-da-nova-pesquisa-eleitoral-para-2022-publicada-pela-modalmais-futura/;BR-08869/2022
448;Felipe d'Ávila;0,1;2,2;2000;Telefone;95;21/01/2022;Moldalmais/Futura;https://www.moneytimes.com.br/veja-integra-da-nova-pesquisa-eleitoral-para-2022-publicada-pela-modalmais-futura/;BR-08869/2022
449;Rodrigo Pacheco;0,6;2,2;2000;Telefone;95;21/01/2022;Moldalmais/Futura;https://www.moneytimes.com.br/veja-integra-da-nova-pesquisa-eleitoral-para-2022-publicada-pela-modalmais-futura/;BR-08869/2022
450;Guilherme Boulos;0,8;2,2;2000;Telefone;95;21/01/2022;Moldalmais/Futura;https://www.moneytimes.com.br/veja-integra-da-nova-pesquisa-eleitoral-para-2022-publicada-pela-modalmais-futura/;BR-08869/2022
451;Leonardo Péricles;0,2;2,2;2000;Telefone;95;21/01/2022;Moldalmais/Futura;https://www.moneytimes.com.br/veja-integra-da-nova-pesquisa-eleitoral-para-2022-publicada-pela-modalmais-futura/;BR-08869/2022
452;Aldo Rebelo;0,2;2,2;2000;Telefone;95;21/01/2022;Moldalmais/Futura;https://www.moneytimes.com.br/veja-integra-da-nova-pesquisa-eleitoral-para-2022-publicada-pela-modalmais-futura/;BR-08869/2022
453;Branco_Nulo;5,1;2,2;2000;Telefone;95;21/01/2022;Moldalmais/Futura;https://www.moneytimes.com.br/veja-integra-da-nova-pesquisa-eleitoral-para-2022-publicada-pela-modalmais-futura/;BR-08869/2022
454;nao_sabe;5,6;2,2;2000;Telefone;95;21/01/2022;Moldalmais/Futura;https://www.moneytimes.com.br/veja-integra-da-nova-pesquisa-eleitoral-para-2022-publicada-pela-modalmais-futura/;BR-08869/2022
455;Lula;42;2;3000;Telefone;95;18/01/2022;PODERDATA;https://www.poder360.com.br/poderdata/poderdata-lula-vai-a-42-e-empata-com-a-soma-dos-adversarios/;BR-02137/2022
456;Jair Bolsonaro;28;2;3000;Telefone;95;18/01/2022;PODERDATA;https://www.poder360.com.br/poderdata/poderdata-lula-vai-a-42-e-empata-com-a-soma-dos-adversarios/;BR-02137/2022
457;Sergio Moro;8;2;3000;Telefone;95;18/01/2022;PODERDATA;https://www.poder360.com.br/poderdata/poderdata-lula-vai-a-42-e-empata-com-a-soma-dos-adversarios/;BR-02137/2022
458;Ciro Gomes;3;2;3000;Telefone;95;18/01/2022;PODERDATA;https://www.poder360.com.br/poderdata/poderdata-lula-vai-a-42-e-empata-com-a-soma-dos-adversarios/;BR-02137/2022
459;João Doria;2;2;3000;Telefone;95;18/01/2022;PODERDATA;https://www.poder360.com.br/poderdata/poderdata-lula-vai-a-42-e-empata-com-a-soma-dos-adversarios/;BR-02137/2022
460;Janones;2;2;3000;Telefone;95;18/01/2022;PODERDATA;https://www.poder360.com.br/poderdata/poderdata-lula-vai-a-42-e-empata-com-a-soma-dos-adversarios/;BR-02137/2022
461;Vieira;1;2;3000;Telefone;95;18/01/2022;PODERDATA;https://www.poder360.com.br/poderdata/poderdata-lula-vai-a-42-e-empata-com-a-soma-dos-adversarios/;BR-02137/2022
462;Tebet;1;2;3000;Telefone;95;18/01/2022;PODERDATA;https://www.poder360.com.br/poderdata/poderdata-lula-vai-a-42-e-empata-com-a-soma-dos-adversarios/;BR-02137/2022
463;Felipe d'Ávila; -   ;2;3000;Telefone;95;18/01/2022;PODERDATA;https://www.poder360.com.br/poderdata/poderdata-lula-vai-a-42-e-empata-com-a-soma-dos-adversarios/;BR-02137/2022
464;Rodrigo Pacheco; -   ;2;3000;Telefone;95;18/01/2022;PODERDATA;https://www.poder360.com.br/poderdata/poderdata-lula-vai-a-42-e-empata-com-a-soma-dos-adversarios/;BR-02137/2022
465;Branco_Nulo;6;2;3000;Telefone;95;18/01/2022;PODERDATA;https://www.poder360.com.br/poderdata/poderdata-lula-vai-a-42-e-empata-com-a-soma-dos-adversarios/;BR-02137/2022
466;nao_sabe;6;2;3000;Telefone;95;18/01/2022;PODERDATA;https://www.poder360.com.br/poderdata/poderdata-lula-vai-a-42-e-empata-com-a-soma-dos-adversarios/;BR-02137/2022
467;Lula;44;3,2;1000;Telefone;95,5;12/01/2022;IPESP/XP;https://antoniolavareda.com/wp-content/uploads/2022/01/RELATÓRIO-PESQUISA-IPESPE-AVALIAÇÃO-PRESIDENCIAL-E-ELEIÇÃO-2022_-JAN-2022-VF_.pdf;BR-09080/2022
468;Jair Bolsonaro;24;3,2;1000;Telefone;95,5;12/01/2022;IPESP/XP;https://antoniolavareda.com/wp-content/uploads/2022/01/RELATÓRIO-PESQUISA-IPESPE-AVALIAÇÃO-PRESIDENCIAL-E-ELEIÇÃO-2022_-JAN-2022-VF_.pdf;BR-09080/2022
469;Sergio Moro;9;3,2;1000;Telefone;95,5;12/01/2022;IPESP/XP;https://antoniolavareda.com/wp-content/uploads/2022/01/RELATÓRIO-PESQUISA-IPESPE-AVALIAÇÃO-PRESIDENCIAL-E-ELEIÇÃO-2022_-JAN-2022-VF_.pdf;BR-09080/2022
470;Ciro Gomes;7;3,2;1000;Telefone;95,5;12/01/2022;IPESP/XP;https://antoniolavareda.com/wp-content/uploads/2022/01/RELATÓRIO-PESQUISA-IPESPE-AVALIAÇÃO-PRESIDENCIAL-E-ELEIÇÃO-2022_-JAN-2022-VF_.pdf;BR-09080/2022
471;João Doria;2;3,2;1000;Telefone;95,5;12/01/2022;IPESP/XP;https://antoniolavareda.com/wp-content/uploads/2022/01/RELATÓRIO-PESQUISA-IPESPE-AVALIAÇÃO-PRESIDENCIAL-E-ELEIÇÃO-2022_-JAN-2022-VF_.pdf;BR-09080/2022
472;Tebet;1;3,2;1000;Telefone;95,5;12/01/2022;IPESP/XP;https://antoniolavareda.com/wp-content/uploads/2022/01/RELATÓRIO-PESQUISA-IPESPE-AVALIAÇÃO-PRESIDENCIAL-E-ELEIÇÃO-2022_-JAN-2022-VF_.pdf;BR-09080/2022
473;Felipe d'Ávila;1;3,2;1000;Telefone;95,5;12/01/2022;IPESP/XP;https://antoniolavareda.com/wp-content/uploads/2022/01/RELATÓRIO-PESQUISA-IPESPE-AVALIAÇÃO-PRESIDENCIAL-E-ELEIÇÃO-2022_-JAN-2022-VF_.pdf;BR-09080/2022
474;Rodrigo Pacheco;1;3,2;1000;Telefone;95,5;12/01/2022;IPESP/XP;https://antoniolavareda.com/wp-content/uploads/2022/01/RELATÓRIO-PESQUISA-IPESPE-AVALIAÇÃO-PRESIDENCIAL-E-ELEIÇÃO-2022_-JAN-2022-VF_.pdf;BR-09080/2022
475;Branco_Nulo;6;3,2;1000;Telefone;95,5;12/01/2022;IPESP/XP;https://antoniolavareda.com/wp-content/uploads/2022/01/RELATÓRIO-PESQUISA-IPESPE-AVALIAÇÃO-PRESIDENCIAL-E-ELEIÇÃO-2022_-JAN-2022-VF_.pdf;BR-09080/2022
476;nao_sabe;7;3,2;1000;Telefone;95,5;12/01/2022;IPESP/XP;https://antoniolavareda.com/wp-content/uploads/2022/01/RELATÓRIO-PESQUISA-IPESPE-AVALIAÇÃO-PRESIDENCIAL-E-ELEIÇÃO-2022_-JAN-2022-VF_.pdf;BR-09080/2022
477;Lula;41;3;1500;Telefone;95;13/01/2022;Exame/Idea;https://minha.exame.com/brasil/exame-ideia-lula-tem-41-no-1o-turno-contra-24-de-bolsonaro;BR-03460/2022
478;Jair Bolsonaro;24;3;1500;Telefone;95;13/01/2022;Exame/Idea;https://minha.exame.com/brasil/exame-ideia-lula-tem-41-no-1o-turno-contra-24-de-bolsonaro;BR-03460/2022
479;Sergio Moro;11;3;1500;Telefone;95;13/01/2022;Exame/Idea;https://minha.exame.com/brasil/exame-ideia-lula-tem-41-no-1o-turno-contra-24-de-bolsonaro;BR-03460/2022
480;Ciro Gomes;7;3;1500;Telefone;95;13/01/2022;Exame/Idea;https://minha.exame.com/brasil/exame-ideia-lula-tem-41-no-1o-turno-contra-24-de-bolsonaro;BR-03460/2022
481;João Doria;4;3;1500;Telefone;95;13/01/2022;Exame/Idea;https://minha.exame.com/brasil/exame-ideia-lula-tem-41-no-1o-turno-contra-24-de-bolsonaro;BR-03460/2022
482;Tebet; -   ;3;1500;Telefone;95;13/01/2022;Exame/Idea;https://minha.exame.com/brasil/exame-ideia-lula-tem-41-no-1o-turno-contra-24-de-bolsonaro;BR-03460/2022
483;Rodrigo Pacheco;1;3;1500;Telefone;95;13/01/2022;Exame/Idea;https://minha.exame.com/brasil/exame-ideia-lula-tem-41-no-1o-turno-contra-24-de-bolsonaro;BR-03460/2022
484;Branco_Nulo;7;3;1500;Telefone;95;13/01/2022;Exame/Idea;https://minha.exame.com/brasil/exame-ideia-lula-tem-41-no-1o-turno-contra-24-de-bolsonaro;BR-03460/2022
485;nao_sabe;4;3;1500;Telefone;95;13/01/2022;Exame/Idea;https://minha.exame.com/brasil/exame-ideia-lula-tem-41-no-1o-turno-contra-24-de-bolsonaro;BR-03460/2022
486;Lula;45;2;2000;Domicilio;95;09/01/2022;QuaestPesquisa;https://twitter.com/quaestpesquisa/status/1481238873502097409;BR-00075/2022
487;Jair Bolsonaro;23;2;2000;Domicilio;95;09/01/2022;QuaestPesquisa;https://twitter.com/quaestpesquisa/status/1481238873502097409;BR-00075/2022
488;Sergio Moro;9;2;2000;Domicilio;95;09/01/2022;QuaestPesquisa;https://twitter.com/quaestpesquisa/status/1481238873502097409;BR-00075/2022
489;Ciro Gomes;5;2;2000;Domicilio;95;09/01/2022;QuaestPesquisa;https://twitter.com/quaestpesquisa/status/1481238873502097409;BR-00075/2022
490;João Doria;3;2;2000;Domicilio;95;09/01/2022;QuaestPesquisa;https://twitter.com/quaestpesquisa/status/1481238873502097409;BR-00075/2022
491;Tebet;1;2;2000;Domicilio;95;09/01/2022;QuaestPesquisa;https://twitter.com/quaestpesquisa/status/1481238873502097409;BR-00075/2022
492;Branco_Nulo;8;2;2000;Domicilio;95;09/01/2022;QuaestPesquisa;https://twitter.com/quaestpesquisa/status/1481238873502097409;BR-00075/2022
493;nao_sabe;4;2;2000;Domicilio;95;09/01/2022;QuaestPesquisa;https://twitter.com/quaestpesquisa/status/1481238873502097409;BR-00075/2022
494;Rodrigo Pacheco; -   ;2;2000;Domicilio;95;09/01/2022;QuaestPesquisa;https://twitter.com/quaestpesquisa/status/1481238873502097409;BR-00075/2022
